date,Fund_of_Funds,Emerging_Markets,Equity_Hedge,Event_Driven,Macro,Relative_Value,,MKT_RF,SMB,HML,RMW,CMA,MOM,,RF,Fund_of_Funds-rf,EM-rf,EH-rf,ED-rf,M-rf,RV-rf,,zerobeta,zerobeta-rf
Jan-90,0.0007,-0.0084,-0.0334,-0.0569,-0.0123,0.0084,,-0.0785,-0.0132,0.0085,-0.0118,0.0137,-0.0327,,0.0057,-0.0050,-0.0141,-0.0391,-0.0626,-0.0180,0.0027,,,
Feb-90,0.0134,0.0206,0.0285,0.0169,0.0048,0.0167,,0.0111,0.0115,0.0064,-0.0007,-0.0061,-0.0054,,0.0057,0.0077,0.0149,0.0228,0.0112,-0.0009,0.0110,,,
Mar-90,0.0207,0.0063,0.0567,0.0492,0.0354,0.0190,,0.0183,0.0158,-0.0292,0.0202,-0.0095,0.0180,,0.0064,0.0143,-0.0001,0.0503,0.0428,0.0290,0.0126,,,
Apr-90,0.0089,-0.0187,-0.0087,0.0116,-0.0074,0.0150,,-0.0336,-0.0032,-0.0259,0.0181,-0.0100,0.0239,,0.0069,0.0020,-0.0256,-0.0156,0.0047,-0.0143,0.0081,,,
May-90,0.0047,0.0657,0.0592,0.0193,0.0398,0.0157,,0.0842,-0.0237,-0.0383,0.0154,-0.0158,0.0303,,0.0068,-0.0021,0.0589,0.0524,0.0125,0.0330,0.0089,,,
Jun-90,0.0221,0.0188,0.0252,0.0137,0.0165,0.0096,,-0.0109,0.0131,-0.0193,-0.0110,-0.0036,0.0240,,0.0063,0.0158,0.0125,0.0189,0.0074,0.0102,0.0033,,,
Jul-90,0.0307,0.0588,0.0200,0.0114,0.0383,0.0135,,-0.0190,-0.0314,-0.0004,-0.0011,0.0323,0.0614,,0.0068,0.0239,0.0520,0.0132,0.0046,0.0315,0.0067,,,
Aug-90,0.0163,-0.1207,-0.0188,-0.0453,-0.0378,-0.0046,,-0.1015,-0.0386,0.0160,-0.0035,0.0299,0.0188,,0.0066,0.0097,-0.1273,-0.0254,-0.0519,-0.0444,-0.0112,,,
Sep-90,0.0284,-0.0671,0.0165,-0.0278,-0.0098,0.0104,,-0.0612,-0.0374,0.0061,0.0006,0.0361,0.0578,,0.0060,0.0224,-0.0731,0.0105,-0.0338,-0.0158,0.0044,,,
Oct-90,0.0164,0.0482,0.0077,-0.0160,0.0260,0.0056,,-0.0192,-0.0507,0.0000,0.0313,-0.0032,0.0671,,0.0068,0.0096,0.0414,0.0009,-0.0228,0.0192,-0.0012,,,
Nov-90,0.0000,-0.0219,-0.0229,0.0080,0.0114,0.0132,,0.0635,0.0004,-0.0297,0.0050,-0.0469,-0.0548,,0.0057,-0.0057,-0.0276,-0.0286,0.0023,0.0057,0.0075,,,
Dec-90,0.0009,0.0003,0.0102,0.0163,0.0171,0.0040,,0.0246,0.0064,-0.0163,0.0264,-0.0181,0.0029,,0.0060,-0.0051,-0.0057,0.0042,0.0103,0.0111,-0.0020,,,
Jan-91,0.0039,0.0243,0.0490,0.0100,-0.0025,0.0259,,0.0469,0.0389,-0.0157,0.0126,-0.0385,-0.0645,,0.0052,-0.0013,0.0191,0.0438,0.0048,-0.0077,0.0207,,,
Feb-91,-0.0003,0.0819,0.0520,0.0442,0.0631,0.0310,,0.0719,0.0401,-0.0063,-0.0004,-0.0043,-0.0461,,0.0048,-0.0051,0.0771,0.0472,0.0394,0.0583,0.0262,,,
Mar-91,0.0352,0.0416,0.0722,0.0337,0.0685,0.0266,,0.0265,0.0382,-0.0130,-0.0050,-0.0111,0.0287,,0.0044,0.0308,0.0372,0.0678,0.0293,0.0641,0.0222,,,
Apr-91,-0.0083,0.0194,0.0047,0.0306,-0.0168,0.0180,,-0.0028,0.0032,0.0145,0.0064,0.0080,-0.0236,,0.0053,-0.0136,0.0141,-0.0006,0.0253,-0.0221,0.0127,,,
May-91,0.0077,0.0251,0.0320,0.0285,0.0001,0.0070,,0.0365,0.0012,-0.0049,0.0205,-0.0235,-0.0011,,0.0047,0.0030,0.0204,0.0273,0.0238,-0.0046,0.0023,,,
Jun-91,0.0118,-0.0117,0.0059,0.0024,0.0262,-0.0045,,-0.0494,0.0026,0.0107,0.0177,0.0064,0.0047,,0.0042,0.0076,-0.0159,0.0017,-0.0018,0.0220,-0.0087,,,
Jul-91,0.0051,0.0543,0.0141,0.0233,0.0243,0.0144,,0.0424,-0.0095,-0.0132,0.0161,-0.0138,0.0422,,0.0049,0.0002,0.0494,0.0092,0.0184,0.0194,0.0095,,,
Aug-91,0.0131,0.0079,0.0217,0.0126,0.0670,0.0051,,0.0232,0.0141,-0.0078,0.0085,-0.0034,0.0157,,0.0046,0.0085,0.0033,0.0171,0.0080,0.0624,0.0005,,,
Sep-91,0.0176,-0.0003,0.0430,0.0148,0.0596,0.0203,,-0.0159,0.0156,-0.0107,-0.0180,0.0008,0.0179,,0.0046,0.0130,-0.0049,0.0384,0.0102,0.0550,0.0157,,,
Oct-91,0.0061,0.0037,0.0116,0.0234,0.0233,-0.0051,,0.0129,0.0090,-0.0046,-0.0173,-0.0023,0.0306,,0.0042,0.0019,-0.0005,0.0074,0.0192,0.0191,-0.0093,,,
Nov-91,0.0005,0.0189,-0.0108,0.0052,0.0075,0.0066,,-0.0419,-0.0084,-0.0188,0.0106,0.0001,0.0114,,0.0039,-0.0034,0.0150,-0.0147,0.0013,0.0036,0.0027,,,
Dec-91,0.0450,0.1227,0.0502,0.0169,0.0744,-0.0119,,0.1084,-0.0240,-0.0418,0.0356,-0.0312,0.0819,,0.0038,0.0412,0.1189,0.0464,0.0131,0.0706,-0.0157,,,
Jan-92,0.0132,0.0806,0.0249,0.0421,0.0280,0.0572,,-0.0059,0.0919,0.0470,-0.0129,0.0320,-0.0249,,0.0034,0.0098,0.0772,0.0215,0.0387,0.0246,0.0538,,,
Feb-92,0.0116,0.0326,0.0290,0.0213,0.0034,0.0260,,0.0109,0.0134,0.0647,0.0010,0.0219,-0.0053,,0.0028,0.0088,0.0298,0.0262,0.0185,0.0006,0.0232,,,
Mar-92,0.0080,0.0277,-0.0028,0.0159,0.0032,-0.0079,,-0.0266,-0.0093,0.0355,-0.0001,0.0195,-0.0029,,0.0034,0.0046,0.0243,-0.0062,0.0125,-0.0002,-0.0113,,,
Apr-92,0.0012,0.0139,0.0027,0.0033,0.0112,0.0212,,0.0107,-0.0570,0.0432,0.0169,0.0223,-0.0258,,0.0032,-0.0020,0.0107,-0.0005,0.0001,0.0080,0.0180,,,
May-92,0.0028,0.0413,0.0085,0.0101,0.0699,0.0195,,0.0030,0.0021,0.0119,-0.0096,0.0048,0.0021,,0.0028,0.0000,0.0385,0.0057,0.0073,0.0671,0.0167,,,
Jun-92,0.0044,-0.0374,-0.0092,0.0011,0.0087,0.0246,,-0.0234,-0.0274,0.0325,-0.0009,0.0101,-0.0058,,0.0032,0.0012,-0.0406,-0.0124,-0.0021,0.0055,0.0214,,,
Jul-92,0.0082,-0.0047,0.0276,0.0122,0.0171,0.0205,,0.0377,-0.0066,-0.0055,0.0124,-0.0089,0.0159,,0.0031,0.0051,-0.0078,0.0245,0.0091,0.0140,0.0174,,,
Aug-92,0.0047,-0.0201,-0.0085,0.0024,-0.0106,0.0061,,-0.0238,-0.0044,-0.0108,0.0368,-0.0160,-0.0051,,0.0026,0.0021,-0.0227,-0.0111,-0.0002,-0.0132,0.0035,,,
Sep-92,0.0249,0.0341,0.0251,0.0136,0.0228,0.0033,,0.0119,0.0044,-0.0023,0.0158,-0.0063,0.0150,,0.0026,0.0223,0.0315,0.0225,0.0110,0.0202,0.0007,,,
Oct-92,0.0170,0.0328,0.0203,0.0096,0.0466,0.0051,,0.0102,0.0209,-0.0198,0.0126,-0.0084,0.0248,,0.0023,0.0147,0.0305,0.0180,0.0073,0.0443,0.0028,,,
Nov-92,0.0030,0.0031,0.0451,0.0171,0.0313,0.0174,,0.0413,0.0398,-0.0142,-0.0062,-0.0165,-0.0015,,0.0023,0.0007,0.0008,0.0428,0.0148,0.0290,0.0151,,,
Dec-92,0.0181,0.0212,0.0338,0.0312,0.0137,0.0111,,0.0153,0.0167,0.0265,-0.0046,0.0083,0.0432,,0.0028,0.0153,0.0184,0.0310,0.0284,0.0109,0.0083,,,
Jan-93,0.0087,0.0369,0.0209,0.0307,0.0091,0.0233,,0.0093,0.0189,0.0595,-0.0185,0.0294,0.0484,,0.0023,0.0064,0.0346,0.0186,0.0284,0.0068,0.0210,,,
Feb-93,0.0220,0.0629,-0.0057,0.0163,0.0517,0.0090,,0.0012,-0.0347,0.0644,-0.0048,0.0421,0.0314,,0.0022,0.0198,0.0607,-0.0079,0.0141,0.0495,0.0068,,,
Mar-93,0.0151,0.0407,0.0326,0.0385,0.0554,0.0368,,0.0230,0.0008,0.0119,-0.0017,0.0090,0.0373,,0.0025,0.0126,0.0382,0.0301,0.0360,0.0529,0.0343,,,
Apr-93,0.0230,0.0502,0.0130,0.0121,0.0269,0.0240,,-0.0305,-0.0086,0.0248,-0.0360,0.0144,0.0038,,0.0024,0.0206,0.0478,0.0106,0.0097,0.0245,0.0216,,,
May-93,0.0207,0.0558,0.0272,0.0188,0.0299,0.0246,,0.0289,0.0193,-0.0350,-0.0008,-0.0105,0.0022,,0.0022,0.0185,0.0536,0.0250,0.0166,0.0277,0.0224,,,
Jun-93,0.0275,0.0459,0.0301,0.0299,0.0715,0.0163,,0.0031,0.0016,0.0272,-0.0091,0.0120,0.0455,,0.0025,0.0250,0.0434,0.0276,0.0274,0.0690,0.0138,,,
Jul-93,0.0243,0.0086,0.0212,0.0210,0.0371,0.0176,,-0.0034,0.0092,0.0282,-0.0185,0.0205,0.0319,,0.0024,0.0219,0.0062,0.0188,0.0186,0.0347,0.0152,,,
Aug-93,0.0179,0.0563,0.0384,0.0279,0.0371,0.0211,,0.0371,0.0011,0.0014,-0.0154,-0.0003,0.0265,,0.0025,0.0154,0.0538,0.0359,0.0254,0.0346,0.0186,,,
Sep-93,0.0033,0.0257,0.0252,0.0087,-0.0066,0.0134,,-0.0012,0.0294,-0.0035,0.0025,-0.0016,0.0337,,0.0026,0.0007,0.0231,0.0226,0.0061,-0.0092,0.0108,,,
Oct-93,0.0226,0.0784,0.0311,0.0168,0.0480,0.0181,,0.0141,0.0189,-0.0278,0.0058,0.0060,-0.0272,,0.0022,0.0204,0.0762,0.0289,0.0146,0.0458,0.0159,,,
Nov-93,0.0040,0.0395,-0.0193,0.0016,-0.0001,0.0109,,-0.0189,-0.0118,-0.0066,0.0219,-0.0094,-0.0473,,0.0025,0.0015,0.0370,-0.0218,-0.0009,-0.0026,0.0084,,,
Dec-93,0.0476,0.0999,0.0359,0.0295,0.0788,0.0274,,0.0165,0.0138,0.0027,0.0117,-0.0034,0.0236,,0.0023,0.0453,0.0976,0.0336,0.0272,0.0765,0.0251,,,
Jan-94,0.0126,0.0532,0.0235,0.0351,0.0211,0.0248,,0.0287,0.0008,0.0128,-0.0175,0.0143,0.0000,,0.0025,0.0101,0.0507,0.0210,0.0326,0.0186,0.0223,,,
Feb-94,-0.0227,-0.0056,-0.0040,-0.0049,-0.0640,0.0044,,-0.0255,0.0267,-0.0156,0.0215,-0.0100,-0.0030,,0.0021,-0.0248,-0.0077,-0.0061,-0.0070,-0.0661,0.0023,,,
Mar-94,-0.0231,-0.0438,-0.0208,-0.0055,-0.0343,0.0033,,-0.0478,-0.0109,0.0155,0.0071,0.0128,-0.0127,,0.0027,-0.0258,-0.0465,-0.0235,-0.0082,-0.0370,0.0006,,,
Apr-94,-0.0111,-0.0236,-0.0037,-0.0070,-0.0120,-0.0042,,0.0068,-0.0100,0.0166,0.0106,0.0111,0.0039,,0.0027,-0.0138,-0.0263,-0.0064,-0.0097,-0.0147,-0.0069,,,
May-94,0.0042,0.0045,0.0041,0.0094,0.0225,-0.0014,,0.0058,-0.0253,0.0070,0.0060,0.0068,-0.0219,,0.0031,0.0011,0.0014,0.0010,0.0063,0.0194,-0.0045,,,
Jun-94,0.0077,-0.0055,-0.0041,0.0112,0.0015,0.0022,,-0.0303,-0.0048,0.0167,0.0121,0.0147,-0.0087,,0.0031,0.0046,-0.0086,-0.0072,0.0081,-0.0016,-0.0009,,,
Jul-94,0.0017,0.0317,0.0091,0.0156,0.0071,0.0108,,0.0282,-0.0179,0.0057,-0.0060,0.0011,0.0010,,0.0028,-0.0011,0.0289,0.0063,0.0128,0.0043,0.0080,,,
Aug-94,0.0129,0.0787,0.0127,0.0181,0.0260,0.0014,,0.0401,0.0138,-0.0250,0.0096,-0.0147,0.0155,,0.0037,0.0092,0.0750,0.0090,0.0144,0.0223,-0.0023,,,
Sep-94,0.0078,0.0321,0.0132,0.0041,-0.0012,-0.0028,,-0.0231,0.0276,-0.0184,0.0053,0.0090,0.0131,,0.0037,0.0041,0.0284,0.0095,0.0004,-0.0049,-0.0065,,,
Oct-94,-0.0095,-0.0209,0.0040,-0.0040,-0.0011,0.0013,,0.0134,-0.0231,-0.0163,0.0024,-0.0069,0.0149,,0.0038,-0.0133,-0.0247,0.0002,-0.0078,-0.0049,-0.0025,,,
Nov-94,-0.0101,-0.0281,-0.0148,-0.0127,0.0039,0.0004,,-0.0404,0.0013,-0.0073,0.0040,-0.0039,-0.0018,,0.0037,-0.0138,-0.0318,-0.0185,-0.0164,0.0002,-0.0033,,,
Dec-94,-0.0049,-0.0317,0.0074,0.0000,-0.0098,-0.0006,,0.0086,-0.0004,-0.0009,0.0039,0.0030,0.0348,,0.0044,-0.0093,-0.0361,0.0030,-0.0044,-0.0142,-0.0050,,,
Jan-95,-0.0126,-0.0550,0.0030,0.0204,-0.0087,0.0128,,0.0180,-0.0302,0.0251,0.0020,-0.0076,-0.0181,,0.0042,-0.0168,-0.0592,-0.0012,0.0162,-0.0129,0.0086,,,
Feb-95,-0.0009,-0.0217,0.0168,0.0127,0.0145,0.0109,,0.0363,-0.0054,0.0109,0.0056,-0.0028,-0.0039,,0.0040,-0.0049,-0.0257,0.0128,0.0087,0.0105,0.0069,,,
Mar-95,0.0143,-0.0071,0.0209,0.0069,0.0140,0.0063,,0.0219,-0.0053,-0.0208,-0.0013,0.0024,0.0043,,0.0046,0.0097,-0.0117,0.0163,0.0023,0.0094,0.0017,,,
Apr-95,0.0148,0.0281,0.0264,0.0211,0.0078,0.0157,,0.0211,-0.0022,0.0170,0.0040,0.0089,0.0179,,0.0044,0.0104,0.0237,0.0220,0.0167,0.0034,0.0113,,,
May-95,0.0090,0.0369,0.0122,0.0184,0.0254,0.0076,,0.0290,-0.0218,0.0227,0.0036,0.0010,-0.0042,,0.0054,0.0036,0.0315,0.0068,0.0130,0.0200,0.0022,,,
Jun-95,0.0057,0.0124,0.0473,0.0148,0.0047,0.0172,,0.0272,0.0303,-0.0254,-0.0035,-0.0248,0.0293,,0.0047,0.0010,0.0077,0.0426,0.0101,0.0000,0.0125,,,
Jul-95,0.0174,0.0158,0.0446,0.0198,0.0393,0.0118,,0.0372,0.0208,-0.0159,0.0028,-0.0164,0.0257,,0.0045,0.0129,0.0113,0.0401,0.0153,0.0348,0.0073,,,
Aug-95,0.0228,0.0025,0.0293,0.0214,0.0559,0.0134,,0.0055,0.0176,0.0281,-0.0122,0.0161,0.0016,,0.0047,0.0181,-0.0022,0.0246,0.0167,0.0512,0.0087,,,
Sep-95,0.0075,0.0107,0.0290,0.0185,0.0322,0.0140,,0.0335,-0.0190,-0.0005,0.0102,0.0038,0.0291,,0.0043,0.0032,0.0064,0.0247,0.0142,0.0279,0.0097,,,
Oct-95,-0.0053,-0.0266,-0.0144,0.0009,0.0041,0.0036,,-0.0152,-0.0407,-0.0051,0.0186,-0.0004,0.0416,,0.0047,-0.0100,-0.0313,-0.0191,-0.0038,-0.0006,-0.0011,,,
Nov-95,0.0115,-0.0147,0.0343,0.0501,0.0363,0.0168,,0.0396,-0.0107,0.0058,-0.0056,0.0113,-0.0068,,0.0042,0.0073,-0.0189,0.0301,0.0459,0.0321,0.0126,,,
Dec-95,0.0222,0.0296,0.0256,0.0219,0.0363,0.0164,,0.0103,0.0073,0.0018,-0.0138,0.0308,0.0252,,0.0049,0.0173,0.0247,0.0207,0.0170,0.0314,0.0115,,,
Jan-96,0.0273,0.0569,0.0106,0.0389,0.0528,0.0146,,0.0226,-0.0256,0.0040,0.0019,0.0231,0.0054,,0.0043,0.0230,0.0526,0.0063,0.0346,0.0485,0.0103,,,
Feb-96,-0.0062,-0.0162,0.0282,0.0145,-0.0377,0.0143,,0.0133,0.0176,-0.0107,0.0024,-0.0189,0.0059,,0.0039,-0.0101,-0.0201,0.0243,0.0106,-0.0416,0.0104,,,
Mar-96,0.0099,0.0009,0.0190,0.0188,0.0037,0.0115,,0.0073,0.0164,0.0036,0.0148,-0.0096,-0.0184,,0.0039,0.0060,-0.0030,0.0151,0.0149,-0.0002,0.0076,,,
Apr-96,0.0309,0.0504,0.0534,0.0262,0.0311,0.0204,,0.0206,0.0470,-0.0405,-0.0016,-0.0211,-0.0088,,0.0046,0.0263,0.0458,0.0488,0.0216,0.0265,0.0158,,,
May-96,0.0154,0.0427,0.0370,0.0353,-0.0008,0.0174,,0.0236,0.0322,-0.0089,0.0016,-0.0030,0.0154,,0.0042,0.0112,0.0385,0.0328,0.0311,-0.0050,0.0132,,,
Jun-96,0.0038,0.0388,-0.0073,0.0043,-0.0106,0.0099,,-0.0114,-0.0364,0.0238,0.0348,0.0120,0.0098,,0.0040,-0.0002,0.0348,-0.0113,0.0003,-0.0146,0.0059,,,
Jul-96,-0.0187,-0.0265,-0.0287,-0.0050,-0.0304,-0.0058,,-0.0597,-0.0380,0.0514,0.0297,0.0256,-0.0017,,0.0045,-0.0232,-0.0310,-0.0332,-0.0095,-0.0349,-0.0103,,,
Aug-96,0.0153,0.0242,0.0263,0.0242,0.0073,0.0153,,0.0277,0.0258,-0.0074,-0.0041,-0.0240,0.0001,,0.0041,0.0112,0.0201,0.0222,0.0201,0.0032,0.0112,,,
Sep-96,0.0125,0.0138,0.0218,0.0197,0.0201,0.0080,,0.0501,-0.0139,-0.0270,0.0123,-0.0222,0.0270,,0.0044,0.0081,0.0094,0.0174,0.0153,0.0157,0.0036,,,
Oct-96,0.0159,0.0148,0.0156,0.0097,0.0158,0.0017,,0.0086,-0.0376,0.0494,0.0138,0.0326,0.0379,,0.0042,0.0117,0.0106,0.0114,0.0055,0.0116,-0.0025,,,
Nov-96,0.0234,0.0285,0.0166,0.0203,0.0472,0.0102,,0.0625,-0.0382,0.0139,0.0210,-0.0078,-0.0237,,0.0041,0.0193,0.0244,0.0125,0.0162,0.0431,0.0061,,,
Dec-96,0.0068,0.0178,0.0083,0.0178,-0.0049,0.0189,,-0.0170,0.0326,0.0132,0.0038,0.0147,0.0063,,0.0046,0.0022,0.0132,0.0037,0.0132,-0.0095,0.0143,,,
Jan-97,0.0355,0.0783,0.0278,0.0284,0.0514,0.0138,,0.0498,-0.0182,-0.0146,0.0122,-0.0013,0.0195,,0.0045,0.0310,0.0738,0.0233,0.0239,0.0469,0.0093,,,
Feb-97,0.0168,0.0592,-0.0024,0.0093,0.0159,0.0109,,-0.0049,-0.0256,0.0569,0.0065,0.0348,-0.0213,,0.0039,0.0129,0.0553,-0.0063,0.0054,0.0120,0.0070,,,
Mar-97,-0.0082,-0.0148,-0.0073,-0.0053,-0.0124,-0.0066,,-0.0502,-0.0043,0.0340,0.0045,0.0171,0.0090,,0.0043,-0.0125,-0.0191,-0.0116,-0.0096,-0.0167,-0.0109,,,
Apr-97,0.0037,0.0159,-0.0027,-0.0083,-0.0022,0.0130,,0.0404,-0.0571,0.0007,0.0324,-0.0071,0.0486,,0.0043,-0.0006,0.0116,-0.0070,-0.0126,-0.0065,0.0087,,,
May-97,0.0182,0.0380,0.0504,0.0436,0.0183,0.0183,,0.0674,0.0475,-0.0412,-0.0102,-0.0295,-0.0517,,0.0049,0.0133,0.0331,0.0455,0.0387,0.0134,0.0134,,,
Jun-97,0.0250,0.0641,0.0197,0.0265,0.0182,0.0193,,0.0410,0.0121,0.0159,0.0056,0.0063,0.0260,,0.0037,0.0213,0.0604,0.0160,0.0228,0.0145,0.0156,,,
Jul-97,0.0464,0.0464,0.0505,0.0272,0.0590,0.0157,,0.0733,-0.0277,0.0029,0.0007,-0.0255,0.0379,,0.0043,0.0421,0.0421,0.0462,0.0229,0.0547,0.0114,,,
Aug-97,-0.0032,-0.0208,0.0135,0.0052,-0.0125,0.0143,,-0.0415,0.0763,0.0120,-0.0109,0.0009,-0.0256,,0.0041,-0.0073,-0.0249,0.0094,0.0011,-0.0166,0.0102,,,
Sep-97,0.0278,0.0061,0.0569,0.0359,0.0305,0.0186,,0.0535,0.0249,0.0038,-0.0162,-0.0085,0.0147,,0.0044,0.0234,0.0017,0.0525,0.0315,0.0261,0.0142,,,
Oct-97,-0.0144,-0.0796,0.0039,0.0045,-0.0160,0.0096,,-0.0380,-0.0055,0.0225,0.0104,0.0188,-0.0057,,0.0042,-0.0186,-0.0838,-0.0003,0.0003,-0.0202,0.0054,,,
Nov-97,-0.0051,-0.0392,-0.0093,0.0136,-0.0025,0.0131,,0.0298,-0.0510,0.0119,0.0281,0.0167,0.0033,,0.0039,-0.0090,-0.0431,-0.0132,0.0097,-0.0064,0.0092,,,
Dec-97,0.0105,0.0127,0.0142,0.0149,0.0293,0.0090,,0.0132,-0.0202,0.0386,0.0080,0.0199,0.0398,,0.0048,0.0057,0.0079,0.0094,0.0101,0.0245,0.0042,,,
Jan-98,-0.0096,-0.0543,-0.0016,0.0025,0.0020,0.0198,,0.0015,-0.0136,-0.0159,0.0087,-0.0084,0.0014,,0.0043,-0.0139,-0.0586,-0.0059,-0.0018,-0.0023,0.0155,,,
Feb-98,0.0190,0.0396,0.0409,0.0336,0.0190,0.0139,,0.0704,0.0020,-0.0085,-0.0034,-0.0232,-0.0112,,0.0039,0.0151,0.0357,0.0370,0.0297,0.0151,0.0100,,,
Mar-98,0.0401,0.0294,0.0454,0.0293,0.0505,0.0157,,0.0476,-0.0063,0.0141,-0.0029,-0.0041,0.0215,,0.0039,0.0362,0.0255,0.0415,0.0254,0.0466,0.0118,,,
Apr-98,0.0091,-0.0055,0.0139,0.0031,-0.0013,0.0193,,0.0073,-0.0005,0.0090,-0.0167,-0.0044,0.0074,,0.0043,0.0048,-0.0098,0.0096,-0.0012,-0.0056,0.0150,,,
May-98,-0.0093,-0.0932,-0.0127,-0.0119,0.0008,0.0030,,-0.0307,-0.0292,0.0340,0.0108,0.0274,0.0182,,0.0040,-0.0133,-0.0972,-0.0167,-0.0159,-0.0032,-0.0010,,,
Jun-98,-0.0055,-0.0601,0.0050,0.0031,0.0057,0.0016,,0.0318,-0.0367,-0.0196,-0.0026,-0.0313,0.0728,,0.0041,-0.0096,-0.0642,0.0009,-0.0010,0.0016,-0.0025,,,
Jul-98,-0.0021,-0.0030,-0.0067,-0.0057,0.0023,-0.0051,,-0.0246,-0.0527,-0.0176,0.0172,0.0045,0.0374,,0.0040,-0.0061,-0.0070,-0.0107,-0.0097,-0.0017,-0.0091,,,
Aug-98,-0.0747,-0.2102,-0.0765,-0.0890,-0.0370,-0.0580,,-0.1608,-0.0517,0.0360,0.0344,0.0589,0.0184,,0.0043,-0.0790,-0.2145,-0.0808,-0.0933,-0.0413,-0.0623,,,
Sep-98,-0.0255,-0.0498,0.0316,-0.0062,-0.0050,0.0019,,0.0615,-0.0077,-0.0337,-0.0190,-0.0297,-0.0081,,0.0046,-0.0301,-0.0544,0.0270,-0.0108,-0.0096,-0.0027,,,
Oct-98,-0.0196,0.0216,0.0247,0.0125,-0.0183,-0.0048,,0.0713,-0.0342,-0.0229,0.0094,0.0032,-0.0537,,0.0032,-0.0228,0.0184,0.0215,0.0093,-0.0215,-0.0080,,,
Nov-98,0.0144,0.0514,0.0384,0.0243,0.0198,0.0166,,0.0610,0.0071,-0.0323,-0.0091,-0.0114,0.0120,,0.0031,0.0113,0.0483,0.0353,0.0212,0.0167,0.0135,,,
Dec-98,0.0160,-0.0276,0.0539,0.0273,0.0244,0.0063,,0.0616,-0.0157,-0.0418,-0.0076,-0.0341,0.0891,,0.0038,0.0122,-0.0314,0.0501,0.0235,0.0206,0.0025,,,
Jan-99,0.0141,-0.0232,0.0498,0.0165,0.0081,0.0261,,0.0350,-0.0073,-0.0462,-0.0279,-0.0678,0.0303,,0.0035,0.0106,-0.0267,0.0463,0.0130,0.0046,0.0226,,,
Feb-99,-0.0022,0.0154,-0.0241,-0.0048,-0.0124,0.0011,,-0.0408,-0.0520,0.0188,-0.0117,0.0406,-0.0010,,0.0035,-0.0057,0.0119,-0.0276,-0.0083,-0.0159,-0.0024,,,
Mar-99,0.0208,0.0886,0.0405,0.0206,0.0107,0.0057,,0.0345,-0.0423,-0.0277,-0.0410,-0.0141,-0.0127,,0.0043,0.0165,0.0843,0.0362,0.0163,0.0064,0.0014,,,
Apr-99,0.0326,0.0745,0.0525,0.0513,0.0386,0.0280,,0.0433,0.0453,0.0241,-0.0255,0.0093,-0.0904,,0.0037,0.0289,0.0708,0.0488,0.0476,0.0349,0.0243,,,
May-99,0.0084,0.0047,0.0122,0.0200,-0.0090,0.0117,,-0.0246,0.0374,0.0230,0.0100,0.0332,-0.0519,,0.0034,0.0050,0.0013,0.0088,0.0166,-0.0124,0.0083,,,
Jun-99,0.0284,0.0934,0.0380,0.0293,0.0216,0.0137,,0.0477,0.0230,-0.0327,0.0112,-0.0324,0.0506,,0.0040,0.0244,0.0894,0.0340,0.0253,0.0176,0.0097,,,
Jul-99,0.0073,-0.0099,0.0061,0.0081,0.0046,0.0083,,-0.0349,0.0257,-0.0042,0.0038,0.0319,0.0166,,0.0038,0.0035,-0.0137,0.0023,0.0043,0.0008,0.0045,,,
Aug-99,0.0011,-0.0145,0.0004,-0.0078,-0.0055,0.0080,,-0.0138,-0.0172,-0.0184,-0.0021,0.0063,0.0312,,0.0039,-0.0028,-0.0184,-0.0035,-0.0117,-0.0094,0.0041,,,
Sep-99,-0.0012,-0.0189,0.0035,0.0162,0.0108,0.0048,,-0.0279,0.0262,-0.0348,-0.0074,-0.0117,0.0647,,0.0039,-0.0051,-0.0228,-0.0004,0.0123,0.0069,0.0009,,,
Oct-99,0.0127,0.0313,0.0233,0.0042,-0.0075,0.0053,,0.0612,-0.0689,-0.0337,-0.0172,-0.0122,0.0550,,0.0039,0.0088,0.0274,0.0194,0.0003,-0.0114,0.0014,,,
Nov-99,0.0491,0.0790,0.0676,0.0338,0.0383,0.0108,,0.0337,0.0580,-0.0616,-0.0429,-0.0178,0.0564,,0.0036,0.0455,0.0754,0.0640,0.0302,0.0347,0.0072,,,
Dec-99,0.0685,0.1480,0.1088,0.0339,0.0682,0.0151,,0.0772,0.0534,-0.0832,-0.0760,-0.0561,0.1322,,0.0044,0.0641,0.1436,0.1044,0.0295,0.0638,0.0107,,,
Jan-00,0.0154,0.0020,0.0025,0.0074,0.0114,0.0182,,-0.0474,0.0445,-0.0189,-0.0629,0.0474,0.0192,,0.0041,0.0113,-0.0021,-0.0016,0.0033,0.0073,0.0141,,,
Feb-00,0.0521,0.0480,0.1000,0.0376,0.0367,0.0127,,0.0245,0.1838,-0.0981,-0.1876,-0.0035,0.1820,,0.0043,0.0478,0.0437,0.0957,0.0333,0.0324,0.0084,,,
Mar-00,0.0023,0.0338,0.0173,0.0003,-0.0227,0.0180,,0.0520,-0.1539,0.0823,0.1182,-0.0161,-0.0683,,0.0047,-0.0024,0.0291,0.0126,-0.0044,-0.0274,0.0133,,,
Apr-00,-0.0337,-0.0659,-0.0419,-0.0148,-0.0368,0.0141,,-0.0640,-0.0496,0.0725,0.0767,0.0562,-0.0839,,0.0046,-0.0383,-0.0705,-0.0465,-0.0194,-0.0414,0.0095,,,
May-00,-0.0158,-0.0505,-0.0244,-0.0077,-0.0154,0.0068,,-0.0442,-0.0387,0.0483,0.0418,0.0132,-0.0898,,0.0050,-0.0208,-0.0555,-0.0294,-0.0127,-0.0204,0.0018,,,
Jun-00,0.0282,0.0311,0.0485,0.0292,0.0124,0.0218,,0.0464,0.0987,-0.0841,-0.0826,-0.0291,0.1661,,0.0040,0.0242,0.0271,0.0445,0.0252,0.0084,0.0178,,,
Jul-00,-0.0022,-0.0038,-0.0158,0.0015,0.0005,0.0093,,-0.0251,-0.0102,0.0833,0.0609,0.0296,-0.0010,,0.0048,-0.0070,-0.0086,-0.0206,-0.0033,-0.0043,0.0045,,,
Aug-00,0.0200,0.0317,0.0535,0.0201,0.0173,0.0159,,0.0703,-0.0101,-0.0137,-0.0301,0.0106,0.0573,,0.0050,0.0150,0.0267,0.0485,0.0151,0.0123,0.0109,,,
Sep-00,-0.0116,-0.0553,-0.0108,0.0063,-0.0219,0.0091,,-0.0545,0.0026,0.0717,0.0289,0.0556,0.0197,,0.0051,-0.0167,-0.0604,-0.0159,0.0012,-0.0270,0.0040,,,
Oct-00,-0.0101,-0.0328,-0.0201,-0.0132,-0.0073,-0.0045,,-0.0276,-0.0272,0.0564,0.0928,0.0384,-0.0448,,0.0056,-0.0157,-0.0384,-0.0257,-0.0188,-0.0129,-0.0101,,,
Nov-00,-0.0154,-0.0550,-0.0430,-0.0232,0.0025,-0.0010,,-0.1072,-0.0058,0.1234,0.1338,0.0842,-0.0232,,0.0051,-0.0205,-0.0601,-0.0481,-0.0283,-0.0026,-0.0061,,,
Dec-00,0.0138,0.0135,0.0316,0.0239,0.0461,0.0064,,0.0119,0.0330,0.0760,0.0244,0.0479,0.0674,,0.0050,0.0088,0.0085,0.0266,0.0189,0.0411,0.0014,,,
Jan-01,0.0193,0.0661,0.0288,0.0459,0.0215,0.0204,,0.0313,0.0545,-0.0511,-0.0546,-0.0505,-0.2530,,0.0054,0.0139,0.0607,0.0234,0.0405,0.0161,0.0150,,,
Feb-01,-0.0074,-0.0271,-0.0256,-0.0038,-0.0171,0.0105,,-0.1005,0.0279,0.1248,0.0912,0.0906,0.1257,,0.0038,-0.0112,-0.0309,-0.0294,-0.0076,-0.0209,0.0067,,,
Mar-01,-0.0044,-0.0307,-0.0230,-0.0025,0.0083,0.0026,,-0.0726,0.0236,0.0643,0.0339,0.0390,0.0855,,0.0042,-0.0086,-0.0349,-0.0272,-0.0067,0.0041,-0.0016,,,
Apr-01,0.0069,0.0156,0.0227,0.0123,-0.0012,0.0076,,0.0794,-0.0088,-0.0469,-0.0348,-0.0318,-0.0790,,0.0039,0.0030,0.0117,0.0188,0.0084,-0.0051,0.0037,,,
May-01,0.0090,0.0262,0.0090,0.0194,-0.0010,0.0093,,0.0072,0.0359,0.0336,0.0025,0.0191,0.0221,,0.0032,0.0058,0.0230,0.0058,0.0162,-0.0042,0.0061,,,
Jun-01,-0.0006,0.0134,-0.0032,0.0111,0.0043,-0.0023,,-0.0194,0.0657,-0.0113,0.0127,-0.0151,0.0038,,0.0028,-0.0034,0.0106,-0.0060,0.0083,0.0015,-0.0051,,,
Jul-01,-0.0043,-0.0322,-0.0106,0.0030,-0.0030,0.0070,,-0.0213,-0.0283,0.0521,0.0742,0.0304,0.0558,,0.0030,-0.0073,-0.0352,-0.0136,0.0000,-0.0060,0.0040,,,
Aug-01,0.0018,0.0018,-0.0122,0.0129,0.0057,0.0085,,-0.0646,0.0271,0.0230,0.0406,0.0656,0.0553,,0.0031,-0.0013,-0.0013,-0.0153,0.0098,0.0026,0.0054,,,
Sep-01,-0.0158,-0.0560,-0.0373,-0.0326,0.0063,0.0024,,-0.0925,-0.0573,0.0146,0.0503,0.0322,0.1148,,0.0028,-0.0186,-0.0588,-0.0401,-0.0354,0.0035,-0.0004,,,
Oct-01,0.0093,0.0281,0.0185,0.0207,0.0271,0.0085,,0.0246,0.0528,-0.0766,-0.0301,-0.0455,-0.0847,,0.0022,0.0071,0.0259,0.0163,0.0185,0.0249,0.0063,,,
Nov-01,0.0036,0.0542,0.0197,0.0159,0.0014,0.0054,,0.0754,-0.0031,0.0222,-0.0374,-0.0166,-0.0869,,0.0017,0.0019,0.0525,0.0180,0.0142,-0.0003,0.0037,,,
Dec-01,0.0107,0.0477,0.0199,0.0151,0.0151,0.0060,,0.0160,0.0516,0.0085,0.0035,-0.0028,0.0007,,0.0015,0.0092,0.0462,0.0184,0.0136,0.0136,0.0045,,,
Jan-02,0.0045,0.0225,0.0022,0.0079,0.0041,0.0103,,-0.0144,0.0125,0.0344,0.0469,0.0285,0.0375,,0.0014,0.0031,0.0211,0.0008,0.0065,0.0027,0.0089,,,
Feb-02,-0.0026,0.0215,-0.0089,-0.0137,-0.0121,0.0004,,-0.0229,-0.0036,0.0216,0.0806,0.0510,0.0682,,0.0013,-0.0039,0.0202,-0.0102,-0.0150,-0.0134,-0.0009,,,
Mar-02,0.0078,0.0407,0.0203,0.0191,0.0211,0.0063,,0.0424,0.0424,0.0107,-0.0178,0.0059,-0.0164,,0.0013,0.0065,0.0394,0.0190,0.0178,0.0198,0.0050,,,
Apr-02,0.0064,0.0266,0.0017,0.0028,0.0039,0.0059,,-0.0520,0.0673,0.0388,0.0459,0.0537,0.0763,,0.0015,0.0049,0.0251,0.0002,0.0013,0.0024,0.0044,,,
May-02,0.0044,0.0034,0.0000,-0.0033,0.0187,0.0021,,-0.0138,-0.0302,0.0153,0.0235,0.0242,0.0316,,0.0014,0.0030,0.0020,-0.0014,-0.0047,0.0173,0.0007,,,
Jun-02,-0.0088,-0.0418,-0.0263,-0.0382,0.0120,-0.0019,,-0.0721,0.0388,-0.0003,0.0393,0.0251,0.0603,,0.0013,-0.0101,-0.0431,-0.0276,-0.0395,0.0107,-0.0032,,,
Jul-02,-0.0134,-0.0497,-0.0393,-0.0435,-0.0034,-0.0020,,-0.0818,-0.0642,-0.0387,0.0376,-0.0102,0.0374,,0.0015,-0.0149,-0.0512,-0.0408,-0.0450,-0.0049,-0.0035,,,
Aug-02,0.0033,0.0175,0.0028,0.0037,0.0063,0.0068,,0.0050,-0.0132,0.0331,0.0134,-0.0142,0.0190,,0.0014,0.0019,0.0161,0.0014,0.0023,0.0049,0.0054,,,
Sep-02,-0.0045,-0.0355,-0.0196,-0.0149,0.0093,0.0029,,-0.1035,0.0310,0.0144,0.0326,-0.0222,0.0913,,0.0014,-0.0059,-0.0369,-0.0210,-0.0163,0.0079,0.0015,,,
Oct-02,-0.0020,0.0162,0.0056,0.0070,-0.0165,0.0041,,0.0784,-0.0430,-0.0395,-0.0336,0.0078,-0.0558,,0.0014,-0.0034,0.0148,0.0042,0.0056,-0.0179,0.0027,,,
Nov-02,0.0084,0.0229,0.0267,0.0292,-0.0046,0.0112,,0.0596,0.0295,-0.0127,-0.0919,0.0515,-0.1633,,0.0012,0.0072,0.0217,0.0255,0.0280,-0.0058,0.0100,,,
Dec-02,0.0068,-0.0030,-0.0114,0.0026,0.0341,0.0070,,-0.0576,0.0064,0.0213,0.0627,-0.0169,0.0964,,0.0011,0.0057,-0.0041,-0.0125,0.0015,0.0330,0.0059,,,
Jan-03,0.0084,0.0016,-0.0001,0.0131,0.0252,0.0103,,-0.0257,0.0067,-0.0073,-0.0103,0.0076,0.0155,,0.0010,0.0074,0.0006,-0.0011,0.0121,0.0242,0.0093,,,
Feb-03,0.0034,0.0087,-0.0078,-0.0010,0.0191,0.0070,,-0.0188,-0.0093,-0.0138,0.0087,-0.0061,0.0117,,0.0009,0.0025,0.0078,-0.0087,-0.0019,0.0182,0.0061,,,
Mar-03,-0.0003,0.0016,-0.0007,0.0095,-0.0223,0.0071,,0.0109,0.0068,-0.0193,0.0187,-0.0076,0.0148,,0.0010,-0.0013,0.0006,-0.0017,0.0085,-0.0233,0.0061,,,
Apr-03,0.0122,0.0570,0.0243,0.0315,0.0123,0.0139,,0.0822,0.0105,0.0117,-0.0467,0.0108,-0.0933,,0.0010,0.0112,0.0560,0.0233,0.0305,0.0113,0.0129,,,
May-03,0.0208,0.0455,0.0408,0.0415,0.0567,0.0098,,0.0605,0.0485,0.0053,-0.0702,0.0302,-0.1070,,0.0009,0.0199,0.0446,0.0399,0.0406,0.0558,0.0089,,,
Jun-03,0.0067,0.0281,0.0152,0.0246,0.0053,0.0048,,0.0142,0.0166,0.0019,0.0044,-0.0034,-0.0100,,0.0010,0.0057,0.0271,0.0142,0.0236,0.0043,0.0038,,,
Jul-03,0.0023,0.0183,0.0241,0.0146,0.0073,0.0004,,0.0235,0.0458,-0.0119,-0.0423,0.0185,-0.0032,,0.0007,0.0016,0.0176,0.0234,0.0139,0.0066,-0.0003,,,
Aug-03,0.0083,0.0462,0.0238,0.0195,0.0186,0.0037,,0.0234,0.0252,0.0154,-0.0221,0.0213,-0.0062,,0.0007,0.0076,0.0455,0.0231,0.0188,0.0179,0.0030,,,
Sep-03,0.0118,0.0356,0.0078,0.0127,0.0226,0.0086,,-0.0124,0.0055,0.0010,0.0106,0.0034,-0.0019,,0.0008,0.0110,0.0348,0.0070,0.0119,0.0218,0.0078,,,
Oct-03,0.0153,0.0369,0.0312,0.0251,0.0173,0.0106,,0.0608,0.0267,0.0192,-0.0130,0.0148,0.0399,,0.0007,0.0146,0.0362,0.0305,0.0244,0.0166,0.0099,,,
Nov-03,0.0062,0.0152,0.0114,0.0163,0.0019,0.0048,,0.0135,0.0225,0.0181,0.0012,0.0181,0.0146,,0.0007,0.0055,0.0145,0.0107,0.0156,0.0012,0.0041,,,
Dec-03,0.0155,0.0438,0.0193,0.0212,0.0338,0.0123,,0.0429,-0.0253,0.0160,0.0051,0.0095,-0.0557,,0.0008,0.0147,0.0430,0.0185,0.0204,0.0330,0.0115,,,
Jan-04,0.0159,0.0351,0.0195,0.0280,0.0065,0.0121,,0.0215,0.0244,0.0246,-0.0366,0.0339,0.0258,,0.0007,0.0152,0.0344,0.0188,0.0273,0.0058,0.0114,,,
Feb-04,0.0110,0.0362,0.0111,0.0120,0.0200,0.0055,,0.0140,-0.0088,0.0087,0.0215,-0.0122,-0.0114,,0.0006,0.0104,0.0356,0.0105,0.0114,0.0194,0.0049,,,
Mar-04,0.0045,0.0223,0.0036,0.0006,0.0112,0.0043,,-0.0132,0.0212,0.0023,0.0161,-0.0099,0.0017,,0.0009,0.0036,0.0214,0.0027,-0.0003,0.0103,0.0034,,,
Apr-04,-0.0088,-0.0326,-0.0208,-0.0056,-0.0284,-0.0051,,-0.0183,-0.0207,-0.0302,0.0342,-0.0276,-0.0538,,0.0008,-0.0096,-0.0334,-0.0216,-0.0064,-0.0292,-0.0059,,,
May-04,-0.0087,-0.0201,-0.0019,-0.0031,-0.0070,-0.0035,,0.0117,-0.0042,-0.0023,-0.0115,0.0000,0.0150,,0.0006,-0.0093,-0.0207,-0.0025,-0.0037,-0.0076,-0.0041,,,
Jun-04,0.0024,0.0059,0.0107,0.0176,-0.0011,0.0016,,0.0186,0.0257,0.0123,0.0119,-0.0038,0.0205,,0.0008,0.0016,0.0051,0.0099,0.0168,-0.0019,0.0008,,,
Jul-04,-0.0058,-0.0043,-0.0188,-0.0093,-0.0033,0.0065,,-0.0406,-0.0295,0.0322,0.0531,-0.0166,-0.0228,,0.0010,-0.0068,-0.0053,-0.0198,-0.0103,-0.0043,0.0055,,,
Aug-04,-0.0001,0.0135,-0.0037,0.0049,-0.0023,0.0083,,0.0008,-0.0115,0.0100,0.0124,-0.0144,-0.0159,,0.0011,-0.0012,0.0124,-0.0048,0.0038,-0.0034,0.0072,,,
Sep-04,0.0089,0.0366,0.0199,0.0137,0.0084,0.0036,,0.0160,0.0327,-0.0002,-0.0144,-0.0189,0.0549,,0.0011,0.0078,0.0355,0.0188,0.0126,0.0073,0.0025,,,
Oct-04,0.0078,0.0205,0.0048,0.0149,0.0084,0.0031,,0.0143,0.0019,-0.0025,-0.0049,0.0049,-0.0138,,0.0011,0.0067,0.0194,0.0037,0.0138,0.0073,0.0020,,,
Nov-04,0.0255,0.0349,0.0337,0.0403,0.0281,0.0107,,0.0454,0.0411,0.0145,-0.0059,-0.0021,0.0316,,0.0015,0.0240,0.0334,0.0322,0.0388,0.0266,0.0092,,,
Dec-04,0.0146,0.0252,0.0176,0.0280,0.0061,0.0075,,0.0343,-0.0005,-0.0021,-0.0117,0.0046,-0.0287,,0.0016,0.0130,0.0236,0.0160,0.0264,0.0045,0.0059,,,
Jan-05,0.0000,0.0148,-0.0058,-0.0015,-0.0058,0.0030,,-0.0276,-0.0118,0.0207,0.0272,-0.0146,0.0305,,0.0016,-0.0016,0.0132,-0.0074,-0.0031,-0.0074,0.0014,,,
Feb-05,0.0136,0.0402,0.0213,0.0139,0.0181,0.0078,,0.0189,-0.0030,0.0154,0.0142,-0.0005,0.0337,,0.0016,0.0120,0.0386,0.0197,0.0123,0.0165,0.0062,,,
Mar-05,-0.0055,-0.0200,-0.0105,-0.0020,-0.0060,-0.0035,,-0.0197,-0.0142,0.0205,0.0045,0.0129,0.0041,,0.0021,-0.0076,-0.0221,-0.0126,-0.0041,-0.0081,-0.0056,,,
Apr-05,-0.0141,-0.0031,-0.0223,-0.0171,-0.0106,-0.0084,,-0.0261,-0.0398,0.0005,0.0094,-0.0095,-0.0069,,0.0021,-0.0162,-0.0052,-0.0244,-0.0192,-0.0127,-0.0105,,,
May-05,0.0024,0.0060,0.0155,0.0120,0.0035,-0.0010,,0.0365,0.0279,-0.0059,-0.0095,0.0029,0.0045,,0.0024,0.0000,0.0036,0.0131,0.0096,0.0011,-0.0034,,,
Jun-05,0.0136,0.0159,0.0196,0.0133,0.0106,0.0096,,0.0057,0.0328,0.0281,0.0096,-0.0052,0.0205,,0.0023,0.0113,0.0136,0.0173,0.0110,0.0083,0.0073,,,
Jul-05,0.0174,0.0294,0.0295,0.0235,0.0074,0.0134,,0.0392,0.0279,-0.0078,-0.0123,-0.0081,0.0006,,0.0024,0.0150,0.0270,0.0271,0.0211,0.0050,0.0110,,,
Aug-05,0.0084,0.0199,0.0074,0.0089,0.0073,0.0069,,-0.0122,-0.0090,0.0134,-0.0211,0.0036,0.0208,,0.0030,0.0054,0.0169,0.0044,0.0059,0.0043,0.0039,,,
Sep-05,0.0155,0.0482,0.0225,0.0100,0.0211,0.0118,,0.0049,-0.0036,0.0069,0.0027,-0.0060,0.0343,,0.0029,0.0126,0.0453,0.0196,0.0071,0.0182,0.0089,,,
Oct-05,-0.0145,-0.0259,-0.0187,-0.0180,-0.0063,-0.0036,,-0.0202,-0.0143,0.0041,-0.0094,-0.0129,-0.0139,,0.0027,-0.0172,-0.0286,-0.0214,-0.0207,-0.0090,-0.0063,,,
Nov-05,0.0168,0.0327,0.0214,0.0129,0.0146,0.0082,,0.0361,0.0084,-0.0120,-0.0074,-0.0114,0.0035,,0.0031,0.0137,0.0296,0.0183,0.0098,0.0115,0.0051,,,
Dec-05,0.0198,0.0374,0.0232,0.0157,0.0128,0.0148,,-0.0025,-0.0020,0.0022,0.0021,0.0023,0.0077,,0.0032,0.0166,0.0342,0.0200,0.0125,0.0096,0.0116,,,
Jan-06,0.0288,0.0575,0.0395,0.0332,0.0240,0.0220,,0.0304,0.0577,0.0109,-0.0066,-0.0043,0.0253,,0.0035,0.0253,0.0540,0.0360,0.0297,0.0205,0.0185,,,
Feb-06,0.0035,0.0226,0.0002,0.0097,-0.0047,0.0062,,-0.0030,-0.0043,-0.0037,-0.0050,0.0190,-0.0184,,0.0034,0.0001,0.0192,-0.0032,0.0063,-0.0081,0.0028,,,
Mar-06,0.0170,0.0187,0.0255,0.0248,0.0115,0.0133,,0.0146,0.0340,0.0055,0.0010,-0.0040,0.0126,,0.0037,0.0133,0.0150,0.0218,0.0211,0.0078,0.0096,,,
Apr-06,0.0176,0.0454,0.0176,0.0163,0.0276,0.0112,,0.0073,-0.0085,0.0234,0.0179,-0.0001,0.0061,,0.0036,0.0140,0.0418,0.0140,0.0127,0.0240,0.0076,,,
May-06,-0.0191,-0.0414,-0.0232,-0.0054,-0.0136,0.0020,,-0.0357,-0.0286,0.0239,0.0115,0.0146,-0.0370,,0.0043,-0.0234,-0.0457,-0.0275,-0.0097,-0.0179,-0.0023,,,
Jun-06,-0.0060,-0.0106,-0.0054,-0.0012,-0.0048,0.0055,,-0.0035,-0.0022,0.0080,0.0133,-0.0008,0.0154,,0.0040,-0.0100,-0.0146,-0.0094,-0.0052,-0.0088,0.0015,,,
Jul-06,-0.0021,0.0036,-0.0054,-0.0044,-0.0026,0.0042,,-0.0078,-0.0364,0.0262,0.0164,0.0090,-0.0213,,0.0040,-0.0061,-0.0004,-0.0094,-0.0084,-0.0066,0.0002,,,
Aug-06,0.0078,0.0180,0.0103,0.0106,0.0023,0.0071,,0.0203,0.0042,-0.0204,-0.0190,0.0215,-0.0338,,0.0042,0.0036,0.0138,0.0061,0.0064,-0.0019,0.0029,,,
Sep-06,-0.0003,0.0061,0.0016,0.0023,-0.0076,0.0037,,0.0184,-0.0143,0.0006,0.0086,0.0057,-0.0096,,0.0041,-0.0044,0.0020,-0.0025,-0.0018,-0.0117,-0.0004,,,
Oct-06,0.0169,0.0269,0.0186,0.0233,0.0114,0.0123,,0.0323,0.0195,-0.0026,-0.0016,0.0028,-0.0020,,0.0041,0.0128,0.0228,0.0145,0.0192,0.0073,0.0082,,,
Nov-06,0.0186,0.0429,0.0200,0.0187,0.0236,0.0137,,0.0171,0.0073,0.0011,0.0018,-0.0083,-0.0103,,0.0042,0.0144,0.0387,0.0158,0.0145,0.0194,0.0095,,,
Dec-06,0.0176,0.0334,0.0135,0.0165,0.0127,0.0161,,0.0087,-0.0080,0.0271,-0.0071,0.0205,0.0079,,0.0040,0.0136,0.0294,0.0095,0.0125,0.0087,0.0121,,,
Jan-07,0.0130,0.0141,0.0116,0.0157,0.0037,0.0137,,0.0140,0.0009,-0.0070,0.0027,0.0036,0.0024,,0.0044,0.0086,0.0097,0.0072,0.0113,-0.0007,0.0093,,,
Feb-07,0.0082,0.0139,0.0063,0.0102,0.0022,0.0076,,-0.0196,0.0128,-0.0012,-0.0050,-0.0072,-0.0135,,0.0038,0.0044,0.0101,0.0025,0.0064,-0.0016,0.0038,,,
Mar-07,0.0101,0.0216,0.0101,0.0136,-0.0009,0.0075,,0.0068,0.0018,-0.0094,0.0061,-0.0066,0.0256,,0.0043,0.0058,0.0173,0.0058,0.0093,-0.0052,0.0032,,,
Apr-07,0.0169,0.0311,0.0186,0.0199,0.0163,0.0142,,0.0349,-0.0206,-0.0143,0.0110,0.0105,-0.0024,,0.0044,0.0125,0.0267,0.0142,0.0155,0.0119,0.0098,,,
May-07,0.0210,0.0319,0.0224,0.0217,0.0181,0.0149,,0.0324,0.0038,-0.0062,0.0155,-0.0136,-0.0034,,0.0041,0.0169,0.0278,0.0183,0.0176,0.0140,0.0108,,,
Jun-07,0.0068,0.0263,0.0089,0.0000,0.0151,0.0056,,-0.0196,0.0075,-0.0107,0.0053,0.0008,0.0051,,0.0040,0.0028,0.0223,0.0049,-0.0040,0.0111,0.0016,,,
Jul-07,0.0033,0.0289,0.0017,-0.0088,0.0079,-0.0058,,-0.0373,-0.0298,-0.0373,0.0019,-0.0111,0.0294,,0.0040,-0.0007,0.0249,-0.0023,-0.0128,0.0039,-0.0098,,,
Aug-07,-0.0218,-0.0258,-0.0167,-0.0170,-0.0211,-0.0069,,0.0092,-0.0038,-0.0189,-0.0123,-0.0054,0.0010,,0.0042,-0.0260,-0.0300,-0.0209,-0.0212,-0.0253,-0.0111,,,
Sep-07,0.0216,0.0466,0.0318,0.0155,0.0323,0.0135,,0.0322,-0.0242,-0.0223,-0.0056,-0.0302,0.0463,,0.0032,0.0184,0.0434,0.0286,0.0123,0.0291,0.0103,,,
Oct-07,0.0307,0.0481,0.0309,0.0226,0.0326,0.0210,,0.0180,-0.0004,-0.0311,-0.0031,-0.0012,0.0502,,0.0032,0.0275,0.0449,0.0277,0.0194,0.0294,0.0178,,,
Nov-07,-0.0150,-0.0266,-0.0289,-0.0252,-0.0089,-0.0053,,-0.0483,-0.0302,-0.0094,0.0188,-0.0027,0.0099,,0.0034,-0.0184,-0.0300,-0.0323,-0.0286,-0.0123,-0.0087,,,
Dec-07,0.0045,0.0176,0.0053,-0.0027,0.0098,0.0064,,-0.0087,0.0018,-0.0052,0.0082,-0.0106,0.0663,,0.0027,0.0018,0.0149,0.0026,-0.0054,0.0071,0.0037,,,
Jan-08,-0.0290,-0.0555,-0.0447,-0.0253,0.0108,-0.0129,,-0.0636,-0.0061,0.0401,0.0221,0.0213,-0.0775,,0.0021,-0.0311,-0.0576,-0.0468,-0.0274,0.0087,-0.0150,,,
Feb-08,0.0136,0.0271,0.0131,0.0041,0.0422,-0.0009,,-0.0309,-0.0064,-0.0084,0.0083,-0.0093,0.0610,,0.0013,0.0123,0.0258,0.0118,0.0028,0.0409,-0.0022,,,
Mar-08,-0.0271,-0.0432,-0.0284,-0.0141,-0.0122,-0.0199,,-0.0093,0.0061,0.0035,0.0080,0.0051,0.0427,,0.0017,-0.0288,-0.0449,-0.0301,-0.0158,-0.0139,-0.0216,,,
Apr-08,0.0101,0.0285,0.0245,0.0100,-0.0003,0.0139,,0.0460,-0.0119,-0.0109,0.0168,-0.0246,-0.0031,,0.0018,0.0083,0.0267,0.0227,0.0082,-0.0021,0.0121,,,
May-08,0.0174,0.0140,0.0238,0.0152,0.0120,0.0127,,0.0186,0.0302,-0.0153,0.0091,-0.0006,0.0331,,0.0018,0.0156,0.0122,0.0220,0.0134,0.0102,0.0109,,,
Jun-08,-0.0085,-0.0379,-0.0244,-0.0160,0.0119,-0.0063,,-0.0844,0.0119,-0.0270,0.0494,-0.0056,0.1275,,0.0017,-0.0102,-0.0396,-0.0261,-0.0177,0.0102,-0.0080,,,
Jul-08,-0.0266,-0.0335,-0.0284,-0.0143,-0.0262,-0.0082,,-0.0077,0.0370,0.0527,-0.0135,0.0103,-0.0507,,0.0015,-0.0281,-0.0350,-0.0299,-0.0158,-0.0277,-0.0097,,,
Aug-08,-0.0153,-0.0494,-0.0217,-0.0050,-0.0118,-0.0014,,0.0153,0.0340,0.0148,0.0188,0.0085,-0.0402,,0.0013,-0.0166,-0.0507,-0.0230,-0.0063,-0.0131,-0.0027,,,
Sep-08,-0.0654,-0.1038,-0.0814,-0.0601,-0.0121,-0.0590,,-0.0924,0.0025,0.0590,0.0241,0.0180,0.0028,,0.0015,-0.0669,-0.1053,-0.0829,-0.0616,-0.0136,-0.0605,,,
Oct-08,-0.0622,-0.1445,-0.0946,-0.0819,0.0163,-0.0803,,-0.1723,-0.0328,-0.0222,0.0299,0.0204,0.0785,,0.0008,-0.0630,-0.1453,-0.0954,-0.0827,0.0155,-0.0811,,,
Nov-08,-0.0264,-0.0396,-0.0377,-0.0366,0.0073,-0.0280,,-0.0786,-0.0392,-0.0630,0.0452,0.0274,0.0717,,0.0003,-0.0267,-0.0399,-0.0380,-0.0369,0.0070,-0.0283,,,
Dec-08,-0.0149,-0.0043,0.0022,-0.0150,0.0111,-0.0024,,0.0174,0.0331,0.0007,0.0013,-0.0151,-0.0509,,0.0000,-0.0149,-0.0043,0.0022,-0.0150,0.0111,-0.0024,,,
Jan-09,0.0071,-0.0182,-0.0088,0.0037,-0.0010,0.0205,,-0.0812,-0.0208,-0.1111,0.0011,-0.0119,-0.0218,,0.0000,0.0071,-0.0182,-0.0088,0.0037,-0.0010,0.0205,,,
Feb-09,-0.0037,-0.0134,-0.0220,-0.0141,-0.0012,0.0052,,-0.1010,-0.0130,-0.0691,0.0111,-0.0105,0.0441,,0.0001,-0.0038,-0.0135,-0.0221,-0.0142,-0.0013,0.0051,,,
Mar-09,0.0003,0.0434,0.0290,0.0128,-0.0061,0.0100,,0.0895,0.0066,0.0334,-0.0252,-0.0219,-0.1187,,0.0002,0.0001,0.0432,0.0288,0.0126,-0.0063,0.0098,,,
Apr-09,0.0105,0.0765,0.0544,0.0319,-0.0009,0.0310,,0.1018,0.0704,0.0526,0.0128,0.0011,-0.3430,,0.0001,0.0104,0.0764,0.0543,0.0318,-0.0010,0.0309,,,
May-09,0.0332,0.0962,0.0637,0.0474,0.0354,0.0393,,0.0521,-0.0231,0.0037,-0.0074,-0.0220,-0.1249,,0.0000,0.0332,0.0962,0.0637,0.0474,0.0354,0.0393,,,
Jun-09,0.0038,0.0073,0.0018,0.0153,-0.0117,0.0155,,0.0043,0.0231,-0.0272,-0.0134,-0.0031,0.0548,,0.0001,0.0037,0.0072,0.0017,0.0152,-0.0118,0.0154,,,
Jul-09,0.0154,0.0454,0.0320,0.0280,0.0049,0.0297,,0.0772,0.0240,0.0484,-0.0036,0.0315,-0.0558,,0.0001,0.0153,0.0453,0.0319,0.0279,0.0048,0.0296,,,
Aug-09,0.0109,0.0139,0.0137,0.0230,0.0037,0.0175,,0.0333,-0.0008,0.0763,-0.0292,0.0330,-0.0907,,0.0001,0.0108,0.0138,0.0136,0.0229,0.0036,0.0174,,,
Sep-09,0.0174,0.0550,0.0322,0.0376,0.0171,0.0245,,0.0408,0.0272,0.0104,0.0125,0.0035,-0.0479,,0.0001,0.0173,0.0549,0.0321,0.0375,0.0170,0.0244,,,
Oct-09,-0.0009,0.0112,-0.0072,0.0054,-0.0052,0.0126,,-0.0259,-0.0492,-0.0420,0.0417,-0.0146,0.0261,,0.0000,-0.0009,0.0112,-0.0072,0.0054,-0.0052,0.0126,,,
Nov-09,0.0080,0.0149,0.0157,0.0126,0.0217,0.0061,,0.0556,-0.0268,-0.0033,0.0098,0.0011,0.0030,,0.0000,0.0080,0.0149,0.0157,0.0126,0.0217,0.0061,,,
Dec-09,0.0076,0.0174,0.0207,0.0236,-0.0130,0.0205,,0.0275,0.0624,-0.0017,0.0105,-0.0010,0.0302,,0.0001,0.0075,0.0173,0.0206,0.0235,-0.0131,0.0204,,,
Jan-10,-0.0037,-0.0120,-0.0127,0.0069,-0.0195,0.0153,,-0.0336,0.0035,0.0043,-0.0123,0.0044,-0.0540,,0.0000,-0.0037,-0.0120,-0.0127,0.0069,-0.0195,0.0153,,,
Feb-10,0.0013,-0.0004,0.0092,0.0081,0.0016,0.0056,,0.0340,0.0151,0.0322,-0.0028,0.0140,0.0374,,0.0000,0.0013,-0.0004,0.0092,0.0081,0.0016,0.0056,,,
Mar-10,0.0166,0.0475,0.0315,0.0304,0.0159,0.0162,,0.0631,0.0185,0.0221,-0.0063,0.0167,0.0376,,0.0001,0.0165,0.0474,0.0314,0.0303,0.0158,0.0161,,,
Apr-10,0.0090,0.0121,0.0119,0.0174,0.0082,0.0139,,0.0200,0.0498,0.0289,0.0070,0.0174,0.0316,,0.0001,0.0089,0.0120,0.0118,0.0173,0.0081,0.0138,,,
May-10,-0.0260,-0.0538,-0.0405,-0.0266,-0.0158,-0.0179,,-0.0789,0.0004,-0.0244,0.0127,-0.0023,-0.0025,,0.0001,-0.0261,-0.0539,-0.0406,-0.0267,-0.0159,-0.0180,,,
Jun-10,-0.0089,-0.0045,-0.0185,-0.0109,-0.0012,0.0037,,-0.0557,-0.0247,-0.0470,-0.0018,-0.0155,-0.0276,,0.0001,-0.0090,-0.0046,-0.0186,-0.0110,-0.0013,0.0036,,,
Jul-10,0.0077,0.0313,0.0236,0.0197,-0.0006,0.0170,,0.0693,0.0016,-0.0030,0.0026,0.0199,0.0183,,0.0001,0.0076,0.0312,0.0235,0.0196,-0.0007,0.0169,,,
Aug-10,0.0013,-0.0005,-0.0137,-0.0038,0.0169,0.0082,,-0.0477,-0.0311,-0.0196,0.0058,-0.0166,-0.0006,,0.0001,0.0012,-0.0006,-0.0138,-0.0039,0.0168,0.0081,,,
Sep-10,0.0235,0.0503,0.0474,0.0252,0.0274,0.0163,,0.0954,0.0376,-0.0317,-0.0019,0.0037,0.0141,,0.0001,0.0234,0.0502,0.0473,0.0251,0.0273,0.0162,,,
Oct-10,0.0148,0.0224,0.0237,0.0186,0.0223,0.0156,,0.0388,0.0086,-0.0249,0.0127,-0.0031,0.0158,,0.0001,0.0147,0.0223,0.0236,0.0185,0.0222,0.0155,,,
Nov-10,-0.0010,-0.0054,0.0064,0.0026,-0.0092,0.0046,,0.0060,0.0366,-0.0088,0.0040,0.0151,0.0266,,0.0001,-0.0011,-0.0055,0.0063,0.0025,-0.0093,0.0045,,,
Dec-10,0.0220,0.0264,0.0352,0.0267,0.0334,0.0107,,0.0682,0.0098,0.0378,-0.0353,0.0316,-0.0303,,0.0001,0.0219,0.0263,0.0351,0.0266,0.0333,0.0106,,,
Jan-11,0.0015,-0.0016,0.0042,0.0168,-0.0072,0.0115,,0.0199,-0.0237,0.0077,-0.0065,0.0083,-0.0029,,0.0001,0.0014,-0.0017,0.0041,0.0167,-0.0073,0.0114,,,
Feb-11,0.0083,-0.0043,0.0130,0.0136,0.0128,0.0091,,0.0349,0.0161,0.0124,-0.0193,0.0087,0.0199,,0.0001,0.0082,-0.0044,0.0129,0.0135,0.0127,0.0090,,,
Mar-11,-0.0010,0.0155,0.0050,0.0036,-0.0109,0.0029,,0.0046,0.0264,-0.0188,0.0179,0.0000,0.0340,,0.0001,-0.0011,0.0154,0.0049,0.0035,-0.0110,0.0028,,,
Apr-11,0.0122,0.0179,0.0134,0.0119,0.0237,0.0083,,0.0290,-0.0050,-0.0248,0.0108,-0.0085,0.0004,,0.0000,0.0122,0.0179,0.0134,0.0119,0.0237,0.0083,,,
May-11,-0.0108,-0.0169,-0.0128,-0.0047,-0.0230,0.0010,,-0.0127,-0.0071,-0.0200,0.0188,-0.0146,-0.0062,,0.0000,-0.0108,-0.0169,-0.0128,-0.0047,-0.0230,0.0010,,,
Jun-11,-0.0130,-0.0121,-0.0126,-0.0102,-0.0174,-0.0025,,-0.0175,0.0013,-0.0038,0.0244,-0.0148,0.0178,,0.0000,-0.0130,-0.0121,-0.0126,-0.0102,-0.0174,-0.0025,,,
Jul-11,0.0039,0.0031,-0.0033,-0.0019,0.0166,0.0000,,-0.0235,-0.0122,-0.0091,0.0273,-0.0178,0.0016,,0.0000,0.0039,0.0031,-0.0033,-0.0019,0.0166,0.0000,,,
Aug-11,-0.0264,-0.0532,-0.0489,-0.0372,-0.0051,-0.0217,,-0.0599,-0.0322,-0.0240,0.0330,-0.0031,-0.0028,,0.0001,-0.0265,-0.0533,-0.0490,-0.0373,-0.0052,-0.0218,,,
Sep-11,-0.0279,-0.0790,-0.0604,-0.0394,-0.0124,-0.0168,,-0.0759,-0.0367,-0.0175,0.0203,0.0021,-0.0242,,0.0000,-0.0279,-0.0790,-0.0604,-0.0394,-0.0124,-0.0168,,,
Oct-11,0.0107,0.0465,0.0491,0.0303,-0.0092,0.0127,,0.1135,0.0348,0.0012,-0.0214,-0.0087,-0.0143,,0.0000,0.0107,0.0465,0.0491,0.0303,-0.0092,0.0127,,,
Nov-11,-0.0098,-0.0390,-0.0202,-0.0118,-0.0065,-0.0059,,-0.0028,-0.0028,-0.0046,0.0183,0.0151,0.0385,,0.0000,-0.0098,-0.0390,-0.0202,-0.0118,-0.0065,-0.0059,,,
Dec-11,-0.0055,-0.0206,-0.0091,-0.0021,-0.0025,0.0038,,0.0074,-0.0033,0.0161,0.0101,0.0249,0.0181,,0.0000,-0.0055,-0.0206,-0.0091,-0.0021,-0.0025,0.0038,,,
Jan-12,0.0179,0.0484,0.0388,0.0253,0.0127,0.0197,,0.0505,0.0207,-0.0094,-0.0201,-0.0146,-0.0793,,0.0000,0.0179,0.0484,0.0388,0.0253,0.0127,0.0197,,,
Feb-12,0.0151,0.0393,0.0289,0.0186,0.0079,0.0158,,0.0442,-0.0171,0.0043,-0.0047,-0.0004,-0.0029,,0.0000,0.0151,0.0393,0.0289,0.0186,0.0079,0.0158,,,
Mar-12,0.0005,-0.0152,0.0001,0.0039,-0.0132,0.0052,,0.0311,-0.0049,0.0112,-0.0055,0.0069,0.0130,,0.0000,0.0005,-0.0152,0.0001,0.0039,-0.0132,0.0052,,,
Apr-12,-0.0026,-0.0071,-0.0082,-0.0033,-0.0058,0.0029,,-0.0085,-0.0054,-0.0077,0.0131,0.0069,0.0375,,0.0000,-0.0026,-0.0071,-0.0082,-0.0033,-0.0058,0.0029,,,
May-12,-0.0172,-0.0607,-0.0471,-0.0233,0.0040,-0.0105,,-0.0619,-0.0010,-0.0106,0.0210,0.0234,0.0649,,0.0001,-0.0173,-0.0608,-0.0472,-0.0234,0.0039,-0.0106,,,
Jun-12,-0.0035,0.0069,0.0092,0.0018,-0.0142,0.0088,,0.0389,0.0081,0.0059,-0.0107,0.0044,-0.0106,,0.0000,-0.0035,0.0069,0.0092,0.0018,-0.0142,0.0088,,,
Jul-12,0.0078,0.0057,0.0028,0.0047,0.0201,0.0120,,0.0079,-0.0276,-0.0012,0.0113,0.0003,0.0302,,0.0000,0.0078,0.0057,0.0028,0.0047,0.0201,0.0120,,,
Aug-12,0.0075,0.0074,0.0118,0.0114,-0.0023,0.0105,,0.0255,0.0045,0.0130,-0.0133,-0.0088,-0.0237,,0.0001,0.0074,0.0073,0.0117,0.0113,-0.0024,0.0104,,,
Sep-12,0.0087,0.0300,0.0196,0.0128,-0.0003,0.0131,,0.0273,0.0064,0.0158,-0.0151,0.0151,-0.0114,,0.0001,0.0086,0.0299,0.0195,0.0127,-0.0004,0.0130,,,
Oct-12,-0.0027,0.0016,-0.0025,0.0043,-0.0184,0.0065,,-0.0176,-0.0091,0.0356,-0.0134,0.0255,0.0014,,0.0001,-0.0028,0.0015,-0.0026,0.0042,-0.0185,0.0064,,,
Nov-12,0.0039,0.0124,0.0045,0.0102,-0.0006,0.0056,,0.0078,0.0044,-0.0083,0.0065,0.0086,0.0049,,0.0001,0.0038,0.0123,0.0044,0.0101,-0.0007,0.0055,,,
Dec-12,0.0119,0.0350,0.0164,0.0199,0.0102,0.0118,,0.0118,0.0192,0.0353,-0.0186,0.0086,-0.0286,,0.0001,0.0118,0.0349,0.0163,0.0198,0.0101,0.0117,,,
Jan-13,0.0213,0.0338,0.0334,0.0229,0.0153,0.0177,,0.0557,0.0046,0.0095,-0.0193,0.0143,-0.0179,,0.0000,0.0213,0.0338,0.0334,0.0229,0.0153,0.0177,,,
Feb-13,0.0028,-0.0009,0.0032,0.0036,-0.0068,0.0039,,0.0129,-0.0029,0.0010,-0.0066,0.0057,0.0129,,0.0000,0.0028,-0.0009,0.0032,0.0036,-0.0068,0.0039,,,
Mar-13,0.0089,-0.0077,0.0122,0.0100,0.0041,0.0088,,0.0403,0.0087,-0.0023,0.0013,0.0137,0.0192,,0.0000,0.0089,-0.0077,0.0122,0.0100,0.0041,0.0088,,,
Apr-13,0.0082,0.0072,0.0037,0.0099,0.0065,0.0106,,0.0155,-0.0224,0.0050,0.0027,0.0039,0.0022,,0.0000,0.0082,0.0072,0.0037,0.0099,0.0065,0.0106,,,
May-13,0.0063,0.0017,0.0122,0.0184,-0.0125,0.0006,,0.0280,0.0208,0.0267,-0.0199,-0.0093,-0.0202,,0.0000,0.0063,0.0017,0.0122,0.0184,-0.0125,0.0006,,,
Jun-13,-0.0139,-0.0406,-0.0164,-0.0103,-0.0157,-0.0119,,-0.0120,0.0156,0.0005,-0.0039,0.0001,0.0052,,0.0000,-0.0139,-0.0406,-0.0164,-0.0103,-0.0157,-0.0119,,,
Jul-13,0.0101,0.0073,0.0227,0.0139,-0.0006,0.0057,,0.0565,0.0181,0.0057,-0.0135,0.0053,0.0175,,0.0000,0.0101,0.0073,0.0227,0.0139,-0.0006,0.0057,,,
Aug-13,-0.0071,-0.0140,-0.0085,-0.0024,-0.0108,-0.0011,,-0.0271,-0.0007,-0.0268,0.0067,-0.0216,0.0002,,0.0000,-0.0071,-0.0140,-0.0085,-0.0024,-0.0108,-0.0011,,,
Sep-13,0.0137,0.0336,0.0266,0.0154,-0.0017,0.0110,,0.0377,0.0265,-0.0123,-0.0056,-0.0140,0.0307,,0.0000,0.0137,0.0336,0.0266,0.0154,-0.0017,0.0110,,,
Oct-13,0.0126,0.0294,0.0201,0.0151,0.0083,0.0110,,0.0418,-0.0150,0.0126,0.0276,0.0092,0.0008,,0.0000,0.0126,0.0294,0.0201,0.0151,0.0083,0.0110,,,
Nov-13,0.0106,0.0017,0.0120,0.0104,0.0052,0.0048,,0.0313,0.0140,0.0028,0.0016,0.0004,0.0044,,0.0000,0.0106,0.0017,0.0120,0.0104,0.0052,0.0048,,,
Dec-13,0.0131,0.0042,0.0141,0.0119,0.0047,0.0077,,0.0281,-0.0044,-0.0001,-0.0046,0.0008,0.0002,,0.0000,0.0131,0.0042,0.0141,0.0119,0.0047,0.0077,,,
Jan-14,-0.0039,-0.0251,-0.0098,0.0000,-0.0085,0.0060,,-0.0332,0.0059,-0.0202,-0.0388,-0.0143,0.0171,,0.0000,-0.0039,-0.0251,-0.0098,0.0000,-0.0085,0.0060,,,
Feb-14,0.0162,0.0195,0.0254,0.0187,0.0144,0.0124,,0.0465,0.0016,-0.0031,-0.0023,-0.0048,0.0207,,0.0000,0.0162,0.0195,0.0254,0.0187,0.0144,0.0124,,,
Mar-14,-0.0065,-0.0016,-0.0042,0.0011,-0.0090,0.0047,,0.0043,-0.0113,0.0492,0.0211,0.0198,-0.0329,,0.0000,-0.0065,-0.0016,-0.0042,0.0011,-0.0090,0.0047,,,
Apr-14,-0.0063,-0.0003,-0.0073,0.0006,0.0006,0.0058,,-0.0019,-0.0413,0.0114,0.0345,0.0103,-0.0389,,0.0000,-0.0063,-0.0003,-0.0073,0.0006,0.0006,0.0058,,,
May-14,0.0118,0.0213,0.0112,0.0092,0.0057,0.0085,,0.0206,-0.0189,-0.0013,0.0005,-0.0101,0.0088,,0.0000,0.0118,0.0213,0.0112,0.0092,0.0057,0.0085,,,
Jun-14,0.0099,0.0137,0.0173,0.0132,0.0070,0.0097,,0.0261,0.0310,-0.0069,-0.0188,-0.0199,0.0069,,0.0000,0.0099,0.0137,0.0173,0.0132,0.0070,0.0097,,,
Jul-14,-0.0036,0.0056,-0.0097,-0.0064,-0.0040,-0.0005,,-0.0204,-0.0428,0.0002,0.0089,0.0049,-0.0014,,0.0000,-0.0036,0.0056,-0.0097,-0.0064,-0.0040,-0.0005,,,
Aug-14,0.0083,0.0080,0.0161,0.0036,0.0150,0.0058,,0.0424,0.0030,-0.0043,-0.0062,-0.0068,0.0082,,0.0000,0.0083,0.0080,0.0161,0.0036,0.0150,0.0058,,,
Sep-14,-0.0019,-0.0243,-0.0197,-0.0144,0.0108,-0.0037,,-0.0197,-0.0373,-0.0135,0.0131,-0.0050,0.0050,,0.0000,-0.0019,-0.0243,-0.0197,-0.0144,0.0108,-0.0037,,,
Oct-14,-0.0062,-0.0090,-0.0008,-0.0167,-0.0020,-0.0066,,0.0252,0.0375,-0.0183,-0.0048,-0.0012,-0.0006,,0.0000,-0.0062,-0.0090,-0.0008,-0.0167,-0.0020,-0.0066,,,
Nov-14,0.0122,-0.0080,0.0039,0.0052,0.0225,0.0022,,0.0255,-0.0226,-0.0309,0.0154,0.0025,0.0068,,0.0000,0.0122,-0.0080,0.0039,0.0052,0.0225,0.0022,,,
Dec-14,0.0036,-0.0242,-0.0035,-0.0027,0.0024,-0.0047,,-0.0006,0.0287,0.0227,-0.0122,0.0095,0.0112,,0.0000,0.0036,-0.0242,-0.0035,-0.0027,0.0024,-0.0047,,,
Jan-15,0.0013,-0.0101,-0.0101,-0.0106,0.0251,0.0002,,-0.0311,-0.0090,-0.0361,0.0164,-0.0168,0.0385,,0.0000,0.0013,-0.0101,-0.0101,-0.0106,0.0251,0.0002,,,
Feb-15,0.0169,0.0178,0.0272,0.0251,0.0020,0.0143,,0.0613,0.0030,-0.0186,-0.0112,-0.0179,-0.0280,,0.0000,0.0169,0.0178,0.0272,0.0251,0.0020,0.0143,,,
Mar-15,0.0066,0.0020,0.0028,0.0038,0.0056,0.0035,,-0.0112,0.0310,-0.0041,0.0015,-0.0054,0.0274,,0.0000,0.0066,0.0020,0.0028,0.0038,0.0056,0.0035,,,
Apr-15,0.0025,0.0564,0.0182,0.0126,-0.0119,0.0108,,0.0059,-0.0307,0.0183,0.0001,-0.0064,-0.0727,,0.0000,0.0025,0.0564,0.0182,0.0126,-0.0119,0.0108,,,
May-15,0.0100,0.0000,0.0096,0.0068,-0.0005,0.0038,,0.0136,0.0082,-0.0112,-0.0177,-0.0072,0.0583,,0.0000,0.0100,0.0000,0.0096,0.0068,-0.0005,0.0038,,,
Jun-15,-0.0104,-0.0176,-0.0093,-0.0132,-0.0231,-0.0067,,-0.0153,0.0289,-0.0078,0.0043,-0.0156,0.0302,,0.0000,-0.0104,-0.0176,-0.0093,-0.0132,-0.0231,-0.0067,,,
Jul-15,0.0019,-0.0342,-0.0118,-0.0099,0.0089,-0.0024,,0.0154,-0.0458,-0.0407,0.0034,-0.0247,0.1006,,0.0000,0.0019,-0.0342,-0.0118,-0.0099,0.0089,-0.0024,,,
Aug-15,-0.0200,-0.0512,-0.0328,-0.0221,-0.0161,-0.0126,,-0.0604,0.0027,0.0280,0.0064,0.0127,-0.0208,,0.0000,-0.0200,-0.0512,-0.0328,-0.0221,-0.0161,-0.0126,,,
Sep-15,-0.0183,-0.0138,-0.0193,-0.0236,-0.0004,-0.0111,,-0.0307,-0.0278,0.0058,0.0183,-0.0057,0.0524,,0.0000,-0.0183,-0.0138,-0.0193,-0.0236,-0.0004,-0.0111,,,
Oct-15,0.0085,0.0328,0.0297,0.0135,-0.0008,0.0099,,0.0775,-0.0206,-0.0045,0.0086,0.0053,-0.0326,,0.0000,0.0085,0.0328,0.0297,0.0135,-0.0008,0.0099,,,
Nov-15,0.0030,-0.0058,-0.0004,-0.0072,0.0139,-0.0031,,0.0056,0.0331,-0.0038,-0.0272,-0.0102,0.0229,,0.0000,0.0030,-0.0058,-0.0004,-0.0072,0.0139,-0.0031,,,
Dec-15,-0.0042,-0.0053,-0.0115,-0.0100,-0.0142,-0.0092,,-0.0217,-0.0297,-0.0259,0.0047,0.0002,0.0335,,0.0001,-0.0043,-0.0054,-0.0116,-0.0101,-0.0143,-0.0093,,,
Jan-16,-0.0266,-0.0542,-0.0458,-0.0317,0.0102,-0.0163,,-0.0577,-0.0342,0.0207,0.0281,0.0309,0.0139,,0.0001,-0.0267,-0.0543,-0.0459,-0.0318,0.0101,-0.0164,,,
Feb-16,-0.0120,-0.0025,-0.0045,-0.0052,0.0149,-0.0055,,-0.0008,0.0093,-0.0057,0.0332,0.0196,-0.0426,,0.0002,-0.0122,-0.0027,-0.0047,-0.0054,0.0147,-0.0057,,,
Mar-16,0.0073,0.0560,0.0342,0.0307,-0.0095,0.0187,,0.0696,0.0101,0.0110,0.0073,-0.0002,-0.0504,,0.0002,0.0071,0.0558,0.0340,0.0305,-0.0097,0.0185,,,
Apr-16,0.0052,0.0176,0.0113,0.0192,-0.0008,0.0159,,0.0092,0.0115,0.0321,-0.0292,0.0189,-0.0607,,0.0001,0.0051,0.0175,0.0112,0.0191,-0.0009,0.0158,,,
May-16,0.0050,-0.0038,0.0063,0.0103,-0.0093,0.0088,,0.0178,-0.0064,-0.0165,-0.0109,-0.0249,0.0137,,0.0001,0.0049,-0.0039,0.0062,0.0102,-0.0094,0.0087,,,
Jun-16,-0.0047,0.0173,-0.0038,-0.0006,0.0222,0.0052,,-0.0005,0.0043,-0.0145,0.0146,0.0194,0.0413,,0.0002,-0.0049,0.0171,-0.0040,-0.0008,0.0220,0.0050,,,
Jul-16,0.0150,0.0270,0.0266,0.0189,0.0079,0.0121,,0.0395,0.0249,-0.0129,0.0125,-0.0117,-0.0332,,0.0002,0.0148,0.0268,0.0264,0.0187,0.0077,0.0119,,,
Aug-16,0.0044,0.0153,0.0087,0.0168,-0.0147,0.0089,,0.0050,0.0169,0.0311,-0.0189,-0.0034,-0.0349,,0.0002,0.0042,0.0151,0.0085,0.0166,-0.0149,0.0087,,,
Sep-16,0.0033,0.0076,0.0100,0.0087,-0.0034,0.0082,,0.0025,0.0187,-0.0121,-0.0223,0.0002,0.0015,,0.0002,0.0031,0.0074,0.0098,0.0085,-0.0036,0.0080,,,
Oct-16,-0.0028,0.0078,-0.0080,0.0010,-0.0123,0.0027,,-0.0202,-0.0405,0.0412,0.0096,0.0023,0.0060,,0.0002,-0.0030,0.0076,-0.0082,0.0008,-0.0125,0.0025,,,
Nov-16,0.0026,-0.0181,0.0123,0.0172,-0.0031,0.0039,,0.0486,0.0703,0.0821,-0.0017,0.0370,-0.0462,,0.0001,0.0025,-0.0182,0.0122,0.0171,-0.0032,0.0038,,,
Dec-16,0.0089,0.0020,0.0083,0.0170,0.0090,0.0118,,0.0181,0.0040,0.0360,0.0124,-0.0023,-0.0025,,0.0003,0.0086,0.0017,0.0080,0.0167,0.0087,0.0115,,,
Jan-17,0.0101,0.0303,0.0186,0.0149,-0.0045,0.0128,,0.0194,-0.0142,-0.0274,-0.0050,-0.0098,-0.0094,,0.0004,0.0097,0.0299,0.0182,0.0145,-0.0049,0.0124,,,
Feb-17,0.0090,0.0158,0.0109,0.0078,0.0080,0.0062,,0.0357,-0.0223,-0.0167,0.0043,-0.0184,-0.0160,,0.0004,0.0086,0.0154,0.0105,0.0074,0.0076,0.0058,,,
Mar-17,0.0045,0.0163,0.0087,0.0015,-0.0044,0.0030,,0.0017,0.0074,-0.0333,0.0063,-0.0094,-0.0103,,0.0003,0.0042,0.0160,0.0084,0.0012,-0.0047,0.0027,,,
Apr-17,0.0051,0.0128,0.0074,0.0088,0.0014,0.0028,,0.0109,0.0047,-0.0213,0.0192,-0.0162,0.0048,,0.0005,0.0046,0.0123,0.0069,0.0083,0.0009,0.0023,,,
May-17,0.0032,0.0054,0.0034,0.0014,0.0009,-0.0001,,0.0106,-0.0303,-0.0375,0.0095,-0.0180,0.0150,,0.0006,0.0026,0.0048,0.0028,0.0008,0.0003,-0.0007,,,
Jun-17,-0.0002,0.0107,0.0085,0.0051,-0.0088,0.0019,,0.0078,0.0257,0.0149,-0.0226,0.0000,-0.0009,,0.0006,-0.0008,0.0101,0.0079,0.0045,-0.0094,0.0013,,,
Jul-17,0.0102,0.0238,0.0147,0.0083,0.0064,0.0071,,0.0187,-0.0162,-0.0022,-0.0059,-0.0015,0.0162,,0.0007,0.0095,0.0231,0.0140,0.0076,0.0057,0.0064,,,
Aug-17,0.0083,0.0178,0.0061,-0.0004,0.0079,0.0016,,0.0016,-0.0182,-0.0207,0.0012,-0.0235,0.0329,,0.0009,0.0074,0.0169,0.0052,-0.0013,0.0070,0.0007,,,
Sep-17,0.0044,0.0075,0.0140,0.0071,-0.0087,0.0043,,0.0251,0.0474,0.0309,-0.0150,0.0163,-0.0132,,0.0009,0.0035,0.0066,0.0131,0.0062,-0.0096,0.0034,,,
Oct-17,0.0115,0.0150,0.0105,0.0042,0.0197,0.0017,,0.0225,-0.0195,0.0022,0.0085,-0.0323,0.0428,,0.0009,0.0106,0.0141,0.0096,0.0033,0.0188,0.0008,,,
Nov-17,-0.0002,0.0055,0.0097,0.0014,-0.0019,0.0007,,0.0312,-0.0035,-0.0005,0.0317,-0.0010,-0.0087,,0.0008,-0.0010,0.0047,0.0089,0.0006,-0.0027,-0.0001,,,
Dec-17,0.0092,0.0176,0.0130,0.0134,0.0062,0.0082,,0.0106,-0.0107,0.0003,0.0075,0.0166,-0.0155,,0.0009,0.0083,0.0167,0.0121,0.0125,0.0053,0.0073,,,
Jan-18,0.0233,0.0392,0.0284,0.0128,0.0275,0.0115,,0.0558,-0.0325,-0.0136,-0.0072,-0.0101,0.0405,,0.0011,0.0222,0.0381,0.0273,0.0117,0.0264,0.0104,,,
Feb-18,-0.0153,-0.0196,-0.0184,-0.0065,-0.0370,-0.0055,,-0.0365,0.0032,-0.0103,0.0056,-0.0232,0.0357,,0.0011,-0.0164,-0.0207,-0.0195,-0.0076,-0.0381,-0.0066,,,
Mar-18,-0.0049,-0.0086,-0.0063,-0.0050,-0.0055,-0.0019,,-0.0235,0.0359,-0.0023,-0.0048,0.0000,-0.0114,,0.0012,-0.0061,-0.0098,-0.0075,-0.0062,-0.0067,-0.0031,,,
Apr-18,0.0020,-0.0075,0.0033,0.0030,0.0024,0.0068,,0.0029,0.0091,0.0048,-0.0241,0.0126,0.0036,,0.0014,0.0006,-0.0089,0.0019,0.0016,0.0010,0.0054,,,
May-18,0.0072,-0.0098,0.0134,0.0104,-0.0023,0.0062,,0.0265,0.0479,-0.0313,-0.0205,-0.0148,0.0387,,0.0014,0.0058,-0.0112,0.0120,0.0090,-0.0037,0.0048,,,
Jun-18,-0.0046,-0.0301,-0.0081,0.0053,-0.0020,-0.0005,,0.0048,0.0081,-0.0233,0.0082,0.0021,-0.0233,,0.0014,-0.0060,-0.0315,-0.0095,0.0039,-0.0034,-0.0019,,,
Jul-18,0.0021,0.0036,0.0051,0.0041,-0.0019,0.0090,,0.0319,-0.0195,0.0045,0.0153,0.0036,-0.0143,,0.0016,0.0005,0.0020,0.0035,0.0025,-0.0035,0.0074,,,
Aug-18,0.0023,-0.0275,0.0042,0.0000,0.0047,0.0019,,0.0344,0.0063,-0.0398,-0.0029,-0.0264,0.0528,,0.0016,0.0007,-0.0291,0.0026,-0.0016,0.0031,0.0003,,,
Sep-18,-0.0020,-0.0122,-0.0061,0.0039,-0.0033,0.0030,,0.0006,-0.0250,-0.0170,0.0067,0.0128,0.0003,,0.0015,-0.0035,-0.0137,-0.0076,0.0024,-0.0048,0.0015,,,
Oct-18,-0.0292,-0.0394,-0.0467,-0.0187,-0.0194,-0.0126,,-0.0768,-0.0450,0.0343,0.0100,0.0354,-0.0206,,0.0019,-0.0311,-0.0413,-0.0486,-0.0206,-0.0213,-0.0145,,,
Nov-18,-0.0044,0.0134,-0.0019,-0.0070,-0.0053,-0.0048,,0.0169,-0.0076,0.0026,-0.0062,0.0040,-0.0141,,0.0018,-0.0062,0.0116,-0.0037,-0.0088,-0.0071,-0.0066,,,
Dec-18,-0.0165,-0.0146,-0.0383,-0.0232,0.0017,-0.0171,,-0.0955,-0.0291,-0.0190,-0.0003,0.0020,0.0212,,0.0019,-0.0184,-0.0165,-0.0402,-0.0251,-0.0002,-0.0190,,,
Jan-19,0.0256,0.0405,0.0514,0.0315,0.0043,0.0237,,0.0841,0.0301,-0.0044,-0.0078,-0.0153,-0.0865,,0.0021,0.0235,0.0384,0.0493,0.0294,0.0022,0.0216,,,
Feb-19,0.0106,0.0170,0.0188,0.0106,0.0037,0.0081,,0.0340,0.0173,-0.0268,0.0021,-0.0161,0.0085,,0.0018,0.0088,0.0152,0.0170,0.0088,0.0019,0.0063,,,
Mar-19,0.0091,0.0150,0.0042,-0.0009,0.0146,0.0061,,0.0110,-0.0346,-0.0405,0.0078,-0.0099,0.0216,,0.0019,0.0072,0.0131,0.0023,-0.0028,0.0127,0.0042,,,
Apr-19,0.0091,0.0067,0.0167,0.0120,0.0106,0.0077,,0.0396,-0.0117,0.0217,0.0166,-0.0224,-0.0296,,0.0021,0.0070,0.0046,0.0146,0.0099,0.0085,0.0056,,,
May-19,-0.0096,-0.0253,-0.0307,-0.0130,-0.0087,-0.0018,,-0.0694,-0.0159,-0.0237,-0.0050,0.0174,0.0756,,0.0021,-0.0117,-0.0274,-0.0328,-0.0151,-0.0108,-0.0039,,,
Jun-19,0.0155,0.0304,0.0303,0.0139,0.0238,0.0092,,0.0693,0.0032,-0.0071,0.0088,-0.0048,-0.0223,,0.0018,0.0137,0.0286,0.0285,0.0121,0.0220,0.0074,,,
Jul-19,0.0027,-0.0013,0.0021,0.0023,0.0129,0.0038,,0.0119,-0.0178,0.0042,-0.0007,0.0037,0.0290,,0.0019,0.0008,-0.0032,0.0002,0.0004,0.0110,0.0019,,,
Aug-19,-0.0077,-0.0294,-0.0174,-0.0131,0.0230,-0.0075,,-0.0258,-0.0321,-0.0495,0.0055,-0.0069,0.0747,,0.0016,-0.0093,-0.0310,-0.0190,-0.0147,0.0214,-0.0091,,,
Sep-19,-0.0045,0.0097,0.0004,0.0019,-0.0184,0.0042,,0.0143,0.0027,0.0683,0.0184,0.0336,-0.0681,,0.0018,-0.0063,0.0079,-0.0014,0.0001,-0.0202,0.0024,,,
Oct-19,0.0050,0.0191,0.0140,0.0037,-0.0111,0.0013,,0.0206,0.0026,-0.0193,0.0044,-0.0096,0.0019,,0.0015,0.0035,0.0176,0.0125,0.0022,-0.0126,-0.0002,,,
Nov-19,0.0092,-0.0043,0.0167,0.0070,0.0031,0.0028,,0.0387,0.0045,-0.0202,-0.0159,-0.0125,-0.0263,,0.0012,0.0080,-0.0055,0.0155,0.0058,0.0019,0.0016,,,
Dec-19,0.0163,0.0361,0.0250,0.0175,0.0061,0.0143,,0.0277,0.0097,0.0179,0.0000,0.0122,-0.0188,,0.0014,0.0149,0.0347,0.0236,0.0161,0.0047,0.0129,,,
Jan-20,0.0028,-0.0069,-0.0100,-0.0056,0.0012,0.0045,,-0.0011,-0.0438,-0.0624,-0.0118,-0.0232,0.0603,,0.0013,0.0015,-0.0082,-0.0113,-0.0069,-0.0001,0.0032,,,
Feb-20,-0.0153,-0.0210,-0.0317,-0.0233,-0.0125,-0.0103,,-0.0813,0.0002,-0.0379,-0.0147,-0.0251,-0.0036,,0.0012,-0.0165,-0.0222,-0.0329,-0.0245,-0.0137,-0.0115,,,
Mar-20,-0.0763,-0.1281,-0.1089,-0.1240,-0.0050,-0.0977,,-0.1338,-0.0832,-0.1402,-0.0151,0.0126,0.0816,,0.0012,-0.0775,-0.1293,-0.1101,-0.1252,-0.0062,-0.0989,,,
Apr-20,0.0340,0.0578,0.0697,0.0421,0.0098,0.0216,,0.1365,0.0258,-0.0118,0.0270,-0.0101,-0.0539,,0.0000,0.0340,0.0578,0.0697,0.0421,0.0098,0.0216,,,
May-20,0.0230,0.0192,0.0313,0.0257,0.0009,0.0235,,0.0558,0.0197,-0.0480,0.0096,-0.0325,0.0035,,0.0001,0.0229,0.0191,0.0312,0.0256,0.0008,0.0234,,,
Jun-20,0.0197,0.0469,0.0260,0.0314,-0.0012,0.0171,,0.0246,0.0196,-0.0204,0.0009,0.0053,-0.0078,,0.0001,0.0196,0.0468,0.0259,0.0313,-0.0013,0.0170,,,
Jul-20,0.0225,0.0479,0.0392,0.0150,0.0275,0.0167,,0.0577,-0.0315,-0.0146,0.0039,0.0089,0.0761,,0.0001,0.0224,0.0478,0.0391,0.0149,0.0274,0.0166,,,
Aug-20,0.0214,0.0241,0.0341,0.0244,0.0039,0.0131,,0.0763,-0.0087,-0.0293,0.0427,-0.0130,0.0041,,0.0001,0.0213,0.0240,0.0340,0.0243,0.0038,0.0130,,,
Sep-20,-0.0017,-0.0150,-0.0123,0.0028,-0.0192,-0.0006,,-0.0363,-0.0007,-0.0266,-0.0129,-0.0177,0.0317,,0.0001,-0.0018,-0.0151,-0.0124,0.0027,-0.0193,-0.0007,,,
Oct-20,0.0031,0.0088,0.0031,0.0002,-0.0045,0.0035,,-0.0210,0.0467,0.0419,-0.0093,-0.0073,-0.0310,,0.0001,0.0030,0.0087,0.0030,0.0001,-0.0046,0.0034,,,
Nov-20,0.0391,0.0514,0.0828,0.0704,0.0131,0.0274,,0.1247,0.0706,0.0199,-0.0217,0.0132,-0.1245,,0.0001,0.0390,0.0513,0.0827,0.0703,0.0130,0.0273,,,
Dec-20,0.0371,0.0522,0.0577,0.0434,0.0399,0.0210,,0.0463,0.0475,-0.0156,-0.0191,-0.0015,-0.0226,,0.0001,0.0370,0.0521,0.0576,0.0433,0.0398,0.0209,,,
Jan-21,-0.0066,0.0138,0.0136,0.0217,0.0010,0.0130,,-0.0003,0.0683,0.0294,-0.0365,0.0479,0.0452,,0.0000,-0.0066,0.0138,0.0136,0.0217,0.0010,0.0130,,,
Feb-21,0.0283,0.0211,0.0470,0.0374,0.0305,0.0178,,0.0278,0.0446,0.0720,0.0041,-0.0193,-0.0793,,0.0000,0.0283,0.0211,0.0470,0.0374,0.0305,0.0178,,,
Mar-21,-0.0012,-0.0028,0.0063,0.0138,0.0098,0.0059,,0.0308,-0.0087,0.0732,0.0630,0.0348,-0.0611,,0.0000,-0.0012,-0.0028,0.0063,0.0138,0.0098,0.0059,,,
Apr-21,0.0214,0.0255,0.0263,0.0212,0.0243,0.0109,,0.0493,-0.0310,-0.0099,0.0236,-0.0277,0.0114,,0.0000,0.0214,0.0255,0.0263,0.0212,0.0243,0.0109,,,
May-21,0.0017,0.0238,0.0128,0.0118,0.0209,0.0099,,0.0029,0.0124,0.0703,0.0238,0.0306,0.0088,,0.0000,0.0017,0.0238,0.0128,0.0118,0.0209,0.0099,,,
Jun-21,0.0056,0.0127,0.0085,0.0062,-0.0053,0.0065,,0.0275,-0.0029,-0.0781,-0.0210,-0.0097,0.0224,,0.0000,0.0056,0.0127,0.0085,0.0062,-0.0053,0.0065,,,
Jul-21,-0.0064,-0.0245,-0.0119,-0.0127,-0.0059,-0.0025,,0.0127,-0.0456,-0.0175,0.0537,-0.0055,-0.0229,,0.0000,-0.0064,-0.0245,-0.0119,-0.0127,-0.0059,-0.0025,,,
Aug-21,0.0125,0.0095,0.0110,0.0076,0.0007,0.0051,,0.0290,-0.0079,-0.0013,-0.0026,-0.0167,0.0252,,0.0000,0.0125,0.0095,0.0110,0.0076,0.0007,0.0051,,,
Sep-21,0.0013,-0.0060,-0.0080,0.0009,0.0029,0.0052,,-0.0437,0.0125,0.0509,-0.0194,0.0208,0.0157,,0.0000,0.0013,-0.0060,-0.0080,0.0009,0.0029,0.0052,,,
Oct-21,0.0161,0.0029,0.0172,0.0132,0.0116,0.0045,,0.0665,-0.0269,-0.0044,0.0174,-0.0148,0.0321,,0.0000,0.0161,0.0029,0.0172,0.0132,0.0116,0.0045,,,
Nov-21,-0.0158,-0.0163,-0.0259,-0.0145,-0.0231,-0.0055,,-0.0155,-0.0174,-0.0053,0.0738,0.0160,0.0082,,0.0000,-0.0158,-0.0163,-0.0259,-0.0145,-0.0231,-0.0055,,,
Dec-21,0.0024,0.0082,0.0159,0.0120,0.0084,0.0029,,0.0310,-0.0068,0.0322,0.0475,0.0438,-0.0268,,0.0001,0.0023,0.0081,0.0158,0.0119,0.0083,0.0028,,,